종목코드,종목명,종가,대비,등락률,순자산가치(NAV),시가,고가,저가,거래량,거래대금,시가총액,순자산총액,상장좌수,기초지수_지수명,기초지수_종가,기초지수_대비,기초지수_등락률
"152100","ARIRANG 200","40665","-160","-0.39","40637.08","40925","40990","40480","47067","1910859535","748236000000","0","18400000","코스피 200","394.19","-2.53","-0.64"
"295820","ARIRANG 200동일가중","11150","-70","-0.62","11133.31","11170","11190","11125","22","245385","5575000000","0","500000","코스피 200 동일가중지수","2394.48","-18.73","-0.78"
"253150","ARIRANG 200선물레버리지","43400","-515","-1.17","43347.59","43910","43910","43230","1483","64600730","13020000000","0","300000","코스피 200 선물지수","1995.56","-10.37","-0.52"
"253160","ARIRANG 200선물인버스2X","4345","55","1.28","4339.66","4270","4350","4255","21276","91868530","14338500000","0","3300000","코스피 200 선물지수","1995.56","-10.37","-0.52"
"395750","ARIRANG ESG가치주액티브","9530","-75","-0.78","9587.79","9620","9640","9530","50445","481208545","131037500000","0","13750000","FnGuide 한화 ESG 가치 지수","1452.76","-6.76","-0.46"
"395760","ARIRANG ESG성장주액티브","9695","60","0.62","9663.81","9685","9715","9610","963","9329805","59139500000","0","6100000","FnGuide 한화 ESG 성장 지수","1603.39","-5.69","-0.35"
"278420","ARIRANG ESG우수기업","9295","-25","-0.27","9292.59","9290","9305","9250","1557","14456020","4647500000","0","500000","WISE ESG우수기업 지수","1260.65","-5.20","-0.41"
"292750","ARIRANG KRX300","18600","-100","-0.53","18578.70","18665","18710","18540","101","1878865","11160000000","0","600000","KRX 300","1812.18","-8.91","-0.49"
"309210","ARIRANG KRX300헬스케어","11270","-55","-0.49","11340.87","11370","11380","11240","659","7426420","5184200000","0","460000","KRX300 헬스케어","3167.46","-18.94","-0.59"
"333940","ARIRANG KS로우볼가중TR","13600","-80","-0.58","13604.43","13685","13695","13595","133","1811135","6800000000","0","500000","FnGuide KS 로우볼 가중 TR 지수","2415.15","-12.55","-0.52"
"333950","ARIRANG KS로우사이즈가중TR","17280","-30","-0.17","17276.87","17320","17335","17225","105","1815325","8640000000","0","500000","FnGuide KS 로우사이즈 가중 TR 지수","2795.64","-4.00","-0.14"
"333960","ARIRANG KS모멘텀가중TR","15555","-55","-0.35","15553.44","15580","15620","15545","81","1260810","7777500000","0","500000","FnGuide KS 모멘텀 가중 TR 지수","2238.60","-6.76","-0.30"
"333970","ARIRANG KS밸류가중TR","16350","-70","-0.43","16349.65","16420","16425","16310","188","3077475","8175000000","0","500000","FnGuide KS 밸류 가중 TR 지수","2567.96","-9.10","-0.35"
"333980","ARIRANG KS퀄리티가중TR","15735","-110","-0.69","15734.37","15815","15830","15730","170","2677710","7867500000","0","500000","FnGuide KS 퀄리티 가중 TR 지수","2414.47","-15.57","-0.64"
"269530","ARIRANG S&P글로벌인프라","12245","0","0.00","12453.37","12250","12250","12200","395","4830485","6122500000","0","500000","S&P Global Infrastructure Index","2747.65","-3.96","-0.14"
"251590","ARIRANG 고배당저변동50","11625","0","0.00","11614.76","11625","11625","11550","1383","16043020","12206250000","0","1050000","FnGuide 고배당저변동50 지수","1971.29","0.03","0.00"
"161510","ARIRANG 고배당주","12505","-115","-0.91","12517.07","12620","12620","12485","51624","647047470","199204650000","0","15930000","FnGuide 배당주 지수","11795.94","-126.80","-1.06"
"251600","ARIRANG 고배당주채권혼합","11155","-55","-0.49","11155.58","11200","11200","11150","5251","58658035","12270500000","0","1100000","FnGuide 고배당 채권혼합 지수","2749.27","-14.29","-0.52"
"289670","ARIRANG 국채선물10년","55850","-295","-0.53","55857.06","55950","55960","55825","663","37045970","10053000000","0","180000","10년국채선물지수","1323.47","-7.78","-0.58"
"298340","ARIRANG 국채선물3년","53410","0","0.00","53415.61","0","0","0","0","0","7263760000","0","136000","국채선물지수","1262.51","-1.05","-0.08"
"189400","ARIRANG 글로벌MSCI(합성 H)","18365","5","0.03","18281.19","18375","18385","18255","746","13660985","9366150000","0","510000","MSCI ACWI Index","755.30","-1.10","-0.15"
"278620","ARIRANG 단기채권액티브","106180","5","0.00","106181.42","0","0","0","0","0","17944420000","0","169000","KAP 투자적격 크레딧 채권 1년 지수(A- 이상,총수익)","128.84","0.00","0.00"
"269540","ARIRANG 미국S&P500(H)","19835","-35","-0.18","19843.67","19835","19845","19815","14541","288318710","43637000000","0","2200000","S&P 500","4778.73","-14.33","-0.30"
"287180","ARIRANG 미국나스닥테크","26875","-50","-0.19","26851.07","26925","26925","26665","8714","233094155","34937500000","0","1300000","NASDAQ 100 Technology Sector Index","9637.17","-19.72","-0.20"
"213630","ARIRANG 미국다우존스고배당주(합성 H)","16155","40","0.25","16277.93","16155","16255","16155","6712","108634225","27948150000","0","1730000","Dow Jones U.S Select Dividend Index(시장가격지수)","874.82","-1.21","-0.14"
"332610","ARIRANG 미국단기우량회사채","100155","-125","-0.12","100207.30","100160","100160","100110","11","1101620","23035650000","0","230000","ICE BofaAML 1-3 Year AAA-A US Corporate Index(총수익지수)","526.63","0.14","0.03"
"332620","ARIRANG 미국장기우량회사채","105495","-5","0.00","103708.46","104040","105495","104040","745","78191855","28483650000","0","270000","ICE BofaAML 15+ Year AAA-A US Corporate Index(총수익지수)","1416.54","6.87","0.49"
"195970","ARIRANG 선진국MSCI(합성 H)","12385","-15","-0.12","12257.44","12400","12420","12295","8460","104763800","7183300000","0","580000","MSCI EAFE Index","2334.61","-3.47","-0.15"
"238670","ARIRANG 스마트베타Quality채권혼합","10995","-40","-0.36","10993.40","11015","11020","10995","172","1891365","9895500000","0","900000","WISE-KAP 스마트베타 Quality 채권혼합지수","1312.45","-4.25","-0.32"
"195980","ARIRANG 신흥국MSCI(합성 H)","11665","-70","-0.60","11614.83","11750","11750","11650","32697","382446035","72556300000","0","6220000","MSCI EM Index","1222.75","4.82","0.40"
"373530","ARIRANG 신흥국MSCI인버스(합성 H)","9555","40","0.42","9537.04","9515","9555","9510","239","2278415","6879600000","0","720000","MSCI EM Index","1222.75","4.82","0.40"
"256450","ARIRANG 심천차이넥스트(합성)","14880","10","0.07","15011.84","14730","15050","14730","1278","19008875","8928000000","0","600000","SZSE ChiNext Price Index","3322.80","40.90","1.25"
"239660","ARIRANG 우량회사채50 1년","108755","-5","0.00","108752.89","108800","108800","108750","978","106362890","28276300000","0","260000","KOBI HALF CREDIT Index(총수익)","11068.89","-0.35","0.00"
"280920","ARIRANG 주도업종","10740","-105","-0.97","10728.13","10770","10790","10740","41","440750","5907000000","0","550000","FnGuide 주도업종 지수","1598.71","-15.68","-0.97"
"266550","ARIRANG 중형주저변동50","11460","-35","-0.30","11438.49","11480","11480","11440","55","630090","5730000000","0","500000","FnGuide 중형주저변동50지수","2201.33","-11.05","-0.50"
"301400","ARIRANG 코스닥150","15215","30","0.20","15315.55","15165","15230","15070","824","12512350","6086000000","0","400000","코스닥 150","1524.12","3.56","0.23"
"301410","ARIRANG 코스닥150선물인버스","6385","-10","-0.16","6382.84","6385","6460","6350","3493","22318505","4788750000","0","750000","F-코스닥150 지수","1719.57","3.43","0.20"
"227830","ARIRANG 코스피","31085","-155","-0.50","31082.06","31255","31285","31075","501","15574810","9325500000","0","300000","코스피","2977.63","-15.66","-0.52"
"122090","ARIRANG 코스피50","28030","-160","-0.57","28019.88","28355","28355","28030","378","10615400","13454400000","0","480000","코스피 50","2758.00","-14.23","-0.51"
"328370","ARIRANG 코스피TR","15240","-75","-0.49","15236.14","15310","15335","15200","8651","131899370","105156000000","0","6900000","코스피 TR","3582.29","-18.84","-0.52"
"301440","ARIRANG 코스피중형주","12470","-35","-0.28","12469.40","12400","12495","12400","10","124685","6858500000","0","550000","코스피 중형주","3296.29","-8.00","-0.24"
"376250","ARIRANG 탄소효율그린뉴딜","9785","-45","-0.46","9783.22","9815","9840","9755","227","2222265","6360250000","0","650000","KRX/S&P 탄소효율 그린뉴딜지수","1647.13","-8.53","-0.52"
"285690","FOCUS ESG리더스","11095","-130","-1.16","11118.08","11195","11195","11095","119","1326850","14978250000","0","1350000","KRX ESG Leaders 150","1752.52","-15.85","-0.90"
"292730","FOCUS KRX300","18725","-70","-0.37","18695.20","18795","18795","18725","2","37520","18725000000","0","1000000","KRX 300","1810.84","-10.25","-0.56"
"402520","FOCUS 혁신기업액티브","9920","15","0.15","9909.40","9890","9920","9840","5034","49549895","10912000000","0","1100000","코스피","2979.60","-13.69","-0.46"
"293180","HANARO 200","39935","-215","-0.54","39988.69","40310","40310","39855","82060","3279739165","712839750000","0","17850000","코스피 200","394.19","-2.53","-0.64"
"407310","HANARO 200 TOP10","9735","-45","-0.46","9732.77","9845","9845","9705","683","6671130","257004000000","0","26400000","코스피 200 Top 10 지수","1504.18","-7.86","-0.52"
"332930","HANARO 200TR","47745","-185","-0.39","47706.02","48080","48080","47575","516","24569325","205303500000","0","4300000","코스피 200 TR","477.02","-3.06","-0.64"
"304780","HANARO 200선물레버리지","26150","-330","-1.25","26150.25","26590","26610","26070","250","6573725","48377500000","0","1850000","코스피 200 선물지수","1995.56","-10.37","-0.52"
"306520","HANARO 200선물인버스","9230","55","0.60","9229.46","9165","9240","9135","6370","58626930","66917500000","0","7250000","코스피 200 선물지수","1995.56","-10.37","-0.52"
"395290","HANARO Fn K-POP&미디어","10610","45","0.43","10612.40","10575","10625","10425","2453","25915930","25464000000","0","2400000","FnGuide K-POP & 미디어 지수","1018.82","4.79","0.47"
"395280","HANARO Fn K-게임","10410","80","0.77","10411.42","10320","10460","10240","6997","72290240","28107000000","0","2700000","FnGuide K-게임 지수","2009.50","17.12","0.86"
"368190","HANARO Fn K-뉴딜디지털플러스","11610","-75","-0.64","11607.05","11725","11725","11590","3006","34899180","59791500000","0","5150000","FnGuide K-뉴딜 디지털 플러스 지수","2773.85","-19.84","-0.71"
"402460","HANARO Fn K-메타버스MZ","12315","30","0.24","12337.73","12205","12360","12130","55263","678622035","11083500000","0","900000","FnGuide K-메타버스 MZ 지수(시장가격)","1990.58","9.37","0.47"
"395270","HANARO Fn K-반도체","10875","75","0.69","10912.06","10880","10925","10835","39815","432821010","8156250000","0","750000","FnGuide K-반도체 지수","3253.79","36.47","1.13"
"367740","HANARO Fn5G산업","13915","10","0.07","13914.50","13970","13970","13850","29839","415159250","15306500000","0","1100000","FnGuide 5G 산업 지수","2346.20","2.30","0.10"
"407300","HANARO Fn골프테마","9460","130","1.39","9456.92","9340","9460","9315","26399","248400295","9460000000","0","1000000","FnGuide 골프 테마 지수","980.90","12.92","1.33"
"381560","HANARO Fn전기&수소차","9595","-105","-1.08","9596.36","9695","9695","9590","82224","792378555","36940750000","0","3850000","FnGuide 전기&수소차 지수 (시장가격)","2167.86","-23.46","-1.07"
"381570","HANARO Fn친환경에너지","10580","25","0.24","10579.44","10550","10580","10450","949","10008460","9522000000","0","900000","FnGuide 친환경에너지 지수 (시장가격)","2041.25","6.31","0.31"
"346000","HANARO KAP초장기국고채","44675","-535","-1.18","44832.57","44885","44885","44675","1171","52443250","5807750000","0","130000","KAP 초장기 국고채 지수(총수익)","13808.19","-117.46","-0.84"
"304760","HANARO KRX300","18380","-100","-0.54","18358.98","18610","18610","18310","68","1253585","16542000000","0","900000","KRX 300","1812.18","-8.91","-0.49"
"404470","HANARO KRX기후변화솔루션","10055","-35","-0.35","10052.96","10065","10080","10000","65","652770","6535750000","0","650000","KRX 기후변화 솔루션지수","1935.81","-7.16","-0.37"
"332940","HANARO MSCI Korea TR","16125","-130","-0.80","16135.24","16295","16295","16120","1101","17760045","314437500000","0","19500000","MSCI Korea TR Index","1615.99","-11.13","-0.68"
"322400","HANARO e커머스","17590","-165","-0.93","17597.96","17705","17705","17550","1225","21542880","109058000000","0","6200000","FnGuide E커머스 지수","2977.27","-28.19","-0.94"
"322410","HANARO 고배당","11325","-105","-0.92","11319.43","11370","11390","11305","1189","13497190","23216250000","0","2050000","FnGuide 고배당 알파 지수","1659.68","-16.23","-0.97"
"354350","HANARO 글로벌럭셔리S&P(합성)","19790","0","0.00","19737.93","19770","19815","19700","14518","287142155","58380500000","0","2950000","S&P Global Luxury Index","4942.16","-8.45","-0.17"
"401590","HANARO 글로벌탄소배출권선물ICE(합성)","11910","195","1.66","11968.04","11840","11945","11840","18582","220857900","17865000000","0","1500000","ICE Global Carbon Futures Index(Excess Return)","786.31","0.00","0.00"
"314700","HANARO 농업융복합산업","11785","-50","-0.42","11761.60","11810","11810","11735","549","6465815","6481750000","0","550000","FnGuide 농업융복합산업 지수(시장가격)","1402.32","-7.27","-0.52"
"390950","HANARO 단기채권액티브","100355","10","0.01","100350.31","100355","100355","100355","100","10035500","205125620000","0","2044000","KAP 단기 통안채 지수(총수익)","12741.91","0.35","0.00"
"304770","HANARO 코스닥150","15180","40","0.26","15350.16","15170","15180","14930","23574","354523105","37646400000","0","2480000","코스닥 150","1524.12","3.56","0.23"
"306530","HANARO 코스닥150선물레버리지","14960","35","0.23","14911.78","14925","15040","14560","1137","16676840","7180800000","0","480000","F-코스닥150 지수","1719.57","3.43","0.20"
"375760","HANARO 탄소효율그린뉴딜","9760","-50","-0.51","9756.94","9795","9815","9750","967","9448295","11712000000","0","1200000","KRX/S&P 탄소효율 그린뉴딜지수","1647.13","-8.53","-0.52"
"215620","HK S&P코리아로우볼","12245","0","0.00","12259.54","0","0","0","0","0","5877600000","0","480000","S&P Korea 저변동성 지수","9832.80","-26.49","-0.27"
"391670","HK 베스트일레븐액티브","9705","-25","-0.26","9687.06","9715","9715","9705","2","19420","7764000000","0","800000","코스피 200","394.51","-2.21","-0.56"
"391680","HK 하이볼액티브","9225","-45","-0.49","9211.71","9245","9245","9225","131","1210855","5535000000","0","600000","코스피 200","394.19","-2.53","-0.64"
"148020","KBSTAR 200","40110","-150","-0.37","40087.34","40410","40410","39945","160880","6450956080","1139124000000","0","28400000","코스피 200","394.19","-2.53","-0.64"
"285000","KBSTAR 200IT","16925","20","0.12","16920.93","17065","17065","16855","921","15593660","10832000000","0","640000","코스피 200 정보기술","3833.21","9.68","0.25"
"361580","KBSTAR 200TR","20615","-50","-0.24","20566.53","20745","20745","20515","9176","189057890","104105750000","0","5050000","코스피 200 TR","477.02","-3.06","-0.64"
"287300","KBSTAR 200건설","12155","-80","-0.65","12155.78","12235","12235","12060","1708","20670420","6077500000","0","500000","코스피 200 건설","292.67","-1.98","-0.67"
"287310","KBSTAR 200경기소비재","10895","-170","-1.54","10886.01","11005","11035","10870","168","1841590","5665400000","0","520000","코스피 200 경기소비재","1731.95","-25.50","-1.45"
"290080","KBSTAR 200고배당커버드콜ATM","8060","-50","-0.62","8027.00","8095","8095","8040","53","427950","5642000000","0","700000","코스피 200 고배당커버드콜 ATM 지수(시장가격지수)","1102.12","-10.25","-0.92"
"284980","KBSTAR 200금융","9005","-80","-0.88","9007.47","9090","9090","8990","881","7959495","4502500000","0","500000","코스피 200 금융","678.40","-7.32","-1.07"
"287320","KBSTAR 200산업재","11195","-30","-0.27","11174.62","11225","11270","11170","36","403715","5597500000","0","500000","코스피 200 산업재","613.98","-3.09","-0.50"
"287330","KBSTAR 200생활소비재","7580","-100","-1.30","7579.56","7660","7660","7560","329","2504045","3790000000","0","500000","코스피 200 생활소비재","998.82","-11.70","-1.16"
"252400","KBSTAR 200선물레버리지","21725","-325","-1.47","21801.22","22110","22110","21725","2440","53359020","23897500000","0","1100000","코스피 200 선물지수","1995.56","-10.37","-0.52"
"252410","KBSTAR 200선물인버스","5165","40","0.78","5178.34","5155","5175","5135","1310","6748600","25308500000","0","4900000","코스피 200 선물지수","1995.56","-10.37","-0.52"
"252420","KBSTAR 200선물인버스2X","2165","30","1.41","2163.43","2135","2170","2120","259096","558163420","32475000000","0","15000000","코스피 200 선물지수","1995.56","-10.37","-0.52"
"284990","KBSTAR 200에너지화학","12450","-135","-1.07","12441.06","12520","12520","12400","111","1383285","6225000000","0","500000","코스피 200 에너지/화학","1864.63","-22.33","-1.18"
"285010","KBSTAR 200중공업","9765","-70","-0.71","9760.27","9835","9835","9735","524","5108375","5273100000","0","540000","코스피 200 중공업","294.48","-2.24","-0.75"
"285020","KBSTAR 200철강소재","8460","-115","-1.34","8464.65","8580","8580","8460","271","2304255","4399200000","0","520000","코스피 200 철강/소재","863.77","-10.51","-1.20"
"315480","KBSTAR 200커뮤니케이션서비스","19225","-160","-0.83","19213.00","19335","19345","19165","371","7165230","6152000000","0","320000","코스피 200 커뮤니케이션서비스","3044.64","-22.79","-0.74"
"105780","KBSTAR 5대그룹주","7850","-45","-0.57","7854.02","7905","7940","7840","1245","9788410","15700000000","0","2000000","MKF 5대그룹주","7748.14","-41.46","-0.53"
"290130","KBSTAR ESG사회책임투자","13300","-45","-0.34","13301.64","13365","13450","13275","19877","266094710","323855000000","0","24350000","KRX ESG 사회책임경영지수(S)","2163.97","-6.77","-0.31"
"368200","KBSTAR Fn K-뉴딜디지털플러스","11630","-75","-0.64","11625.98","11715","11715","11630","172","2001280","9304000000","0","800000","FnGuide K-뉴딜 디지털 플러스 지수","2773.85","-19.84","-0.71"
"367760","KBSTAR Fn5G테크","11040","110","1.01","11059.69","10955","11055","10880","60537","665613585","126408000000","0","11450000","FnGuide 5G 테크 지수","1537.25","18.30","1.20"
"367770","KBSTAR Fn수소경제테마","11385","-105","-0.91","11403.01","11490","11490","11380","135751","1550282205","337565250000","0","29650000","FnGuide 수소 경제 테마 지수","1416.76","-13.15","-0.92"
"388280","KBSTAR Fn컨택트대표","9495","-75","-0.78","9487.52","9590","9590","9470","9644","91532570","58109400000","0","6120000","FnGuide 컨택트대표 지수(시장가격지수)","903.11","-8.18","-0.90"
"326240","KBSTAR IT플러스","22715","35","0.15","22717.46","22695","22825","22610","23474","532694295","204435000000","0","9000000","FnGuide IT플러스 지수","3264.37","4.08","0.13"
"385560","KBSTAR KIS국고채30년Enhanced","98750","-995","-1.00","98541.21","98660","98995","98200","118","11650610","168862500000","0","1710000","KIS 국고채30년Enhanced지수(시장가격)","8754.19","-98.96","-1.12"
"385550","KBSTAR KIS단기종합채권(AA-이상)액티브","100320","-5","0.00","100308.93","100325","100325","100320","17","1705485","255013440000","0","2542000","KIS 단기종합채권지수(AA-이상)(총수익지수)","112.23","0.00","0.00"
"385540","KBSTAR KIS종합채권(A-이상)액티브","99815","-230","-0.23","99769.98","100035","100035","99815","12","1198210","366820125000","0","3675000","KIS 종합채권 지수(A-이상)(총수익지수)","115.88","-0.31","-0.27"
"270800","KBSTAR KQ고배당","15870","35","0.22","15871.25","15780","15890","15745","5876","92997225","11109000000","0","700000","FnGuide KQ고배당포커스 지수","7774.28","13.80","0.18"
"292050","KBSTAR KRX300","18795","-110","-0.58","18780.90","18960","18960","18795","69","1296655","12216750000","0","650000","KRX 300","1812.88","-8.21","-0.45"
"307010","KBSTAR KRX300레버리지","18860","-110","-0.58","18822.74","19040","19080","18795","680","12797345","13202000000","0","700000","KRX 300","1810.84","-10.25","-0.56"
"319870","KBSTAR KRX300미국달러선물혼합","15745","-85","-0.54","15728.97","15765","15775","15675","2023","31891990","7872500000","0","500000","KRX 300 미국달러 선물혼합지수","1578.10","-8.90","-0.56"
"403990","KBSTAR KRX기후변화솔루션","10080","-30","-0.30","10064.22","10095","10095","10045","36","362450","8064000000","0","800000","KRX 기후변화 솔루션지수","1936.50","-6.47","-0.33"
"234310","KBSTAR V&S셀렉트밸류","15510","-110","-0.70","15501.09","15625","15625","15445","18","279580","9306000000","0","600000","FnGuide 셀렉트 밸류 지수","3102.21","-39.94","-1.27"
"241390","KBSTAR V&S셀렉트밸류채권혼합","12315","-35","-0.28","12311.43","12355","12355","12300","5020","61880245","14778000000","0","1200000","FnGuide 셀렉트벨류 채권혼합지수","1987.89","-15.32","-0.76"
"401170","KBSTAR iSelect메타버스","12250","-25","-0.20","12253.83","12265","12265","12120","228767","2798531660","256025000000","0","20900000","iSelect 메타버스 지수(시장가격지수)","2564.20","-0.91","-0.04"
"300640","KBSTAR 게임테마","22450","430","1.95","22471.53","22005","22485","21850","56711","1268130340","68472500000","0","3050000","WISE 게임 테마 지수 (시장가격지수)","11069.41","202.37","1.86"
"266160","KBSTAR 고배당","12710","-55","-0.43","12709.88","12835","12835","12690","16283","207017215","83886000000","0","6600000","FnGuide 고배당포커스 지수","8681.75","-57.41","-0.66"
"114100","KBSTAR 국고채3년","111910","-30","-0.03","111891.77","111930","111930","111845","244","27299320","23501100000","0","210000","KTB INDEX(시장가격)","10628.59","-6.95","-0.07"
"282000","KBSTAR 국고채3년선물인버스","100475","80","0.08","100414.69","100435","100475","100435","14","1406510","61892600000","0","616000","국채선물지수","1262.51","-1.05","-0.08"
"295000","KBSTAR 국채선물10년","54850","-290","-0.53","54868.42","55000","55000","54850","76","4174915","5265600000","0","96000","10년국채선물지수","1323.47","-7.78","-0.58"
"295020","KBSTAR 국채선물10년인버스","48270","250","0.52","48216.64","48135","48270","48135","12","578875","4827000000","0","100000","10년국채선물지수","1323.47","-7.78","-0.58"
"397420","KBSTAR 국채선물5년추종","49425","-100","-0.20","49424.62","49475","49475","49425","3","148345","5041350000","0","102000","5년 국채선물 추종 지수","1054.37","-2.47","-0.23"
"397410","KBSTAR 국채선물5년추종인버스","50730","100","0.20","50695.84","50680","50735","50680","38","1927235","31046760000","0","612000","5년 국채선물 추종 지수","1054.37","-2.47","-0.23"
"276650","KBSTAR 글로벌4차산업IT(합성 H)","25720","35","0.14","25564.86","25695","25730","25485","5295","135492400","33436000000","0","1300000","S&P Global 1200 Information Technology and Interactive Media & Services(PR)","2282.33","-10.60","-0.46"
"375270","KBSTAR 글로벌데이터센터리츠나스닥(합성)","13205","110","0.84","13138.63","13145","13230","13140","5187","68287755","10564000000","0","800000","Benchmark Data & Infrastructure Real Estate SCTR Net Total Return Index","1792.75","16.67","0.94"
"411720","KBSTAR 글로벌메타버스Moorgate","10340","-95","-0.91","10307.49","10350","10350","10270","789475","8125497455","11374000000","0","1100000","Global Metaverse Index(Price Return)","1517.51","2.26","0.15"
"399580","KBSTAR 글로벌클린에너지S&P","9075","-10","-0.11","9042.11","9050","9075","9000","3221","29109655","10890000000","0","1200000","S&P Global Clean Energy Index (Price Return)","1353.38","13.53","1.01"
"336160","KBSTAR 금융채액티브","102685","-45","-0.04","102655.36","102695","102695","102680","21561","2213883580","51342500000","0","500000","KIS 종합채권금융채 2.5Y-3Y 지수 (총수익)","123.78","-0.05","-0.04"
"326230","KBSTAR 내수주플러스","9960","-85","-0.85","9949.39","10035","10035","9935","31","308530","37051200000","0","3720000","FnGuide 내수주플러스 지수","1371.31","-15.19","-1.10"
"272560","KBSTAR 단기국공채액티브","102395","-5","0.00","102391.93","102400","102400","102385","153546","15722253720","259161745000","0","2531000","KIS 종합채권국공채3M~1.5Y지수","123.38","-0.01","-0.01"
"196230","KBSTAR 단기통안채","104805","5","0.00","104806.02","104805","104815","104795","809339","84826758250","357070635000","0","3407000","KIS 통안채 5개월 지수(총수익)","11692.73","1.28","0.01"
"315960","KBSTAR 대형고배당10TR","16460","-5","-0.03","16464.96","16670","16670","16415","5920","97505690","18106000000","0","1100000","WISE 대형고배당10 TR 지수","1916.82","1.78","0.09"
"252730","KBSTAR 모멘텀로우볼","16055","-165","-1.02","16056.67","16235","16235","16055","242","3892485","8830250000","0","550000","FnGuide 모멘텀&로우볼 지수","3365.42","-28.04","-0.83"
"252720","KBSTAR 모멘텀밸류","14450","-130","-0.89","14446.17","14590","14590","14430","611","8840900","7947500000","0","550000","FnGuide 모멘텀&밸류 지수","2681.11","-20.70","-0.77"
"379780","KBSTAR 미국S&P500","12470","15","0.12","12468.69","12435","12475","12390","56534","702515545","124700000000","0","10000000","S&P 500","4778.73","-14.33","-0.30"
"219390","KBSTAR 미국S&P원유생산기업(합성 H)","4525","15","0.33","4465.74","4500","4525","4460","67400","302840425","33937500000","0","7500000","S&P Oil & Gas Exploration & Production Select Industry Index(PR)","3695.02","-71.70","-1.90"
"354240","KBSTAR 미국고정배당우선증권ICE TR","10840","-65","-0.60","10885.73","11010","11010","10820","3131","34156305","9214000000","0","850000","ICE BofAML Core Plus Fixed Rate Preferred Securities Index","187.39","0.52","0.28"
"368590","KBSTAR 미국나스닥100","14620","-30","-0.20","14617.82","14570","14620","14520","78869","1148696750","184212000000","0","12600000","NASDAQ 100","16429.10","-61.91","-0.38"
"267440","KBSTAR 미국장기국채선물(H)","11655","-125","-1.06","11637.35","11650","11655","11640","1068","12442645","5827500000","0","500000","S&P U.S. Treasury Bond Futures Excess Return Index","291.94","0.91","0.31"
"267490","KBSTAR 미국장기국채선물레버리지(합성 H)","12895","-215","-1.64","12863.99","12895","12900","12890","1696","21869975","6447500000","0","500000","S&P U.S. Treasury Bond Futures Excess Return Index","291.94","0.91","0.31"
"267450","KBSTAR 미국장기국채선물인버스(H)","7835","55","0.71","7889.64","7900","7900","7835","169","1326520","3917500000","0","500000","S&P U.S. Treasury Bond Futures Excess Return Index","291.94","0.91","0.31"
"267500","KBSTAR 미국장기국채선물인버스2X(합성 H)","5905","25","0.43","5959.67","5955","6000","5885","6093","36142070","3247750000","0","550000","S&P U.S. Treasury Bond Futures Excess Return Index","291.94","0.91","0.31"
"388420","KBSTAR 비메모리반도체액티브","11360","140","1.25","11352.71","11225","11395","11215","54790","619881630","25673600000","0","2260000","iSelect 비메모리반도체 지수(시장가격지수)","3061.38","29.81","0.98"
"140570","KBSTAR 수출주","12590","-80","-0.63","12575.81","12655","12655","12565","33","415615","8813000000","0","700000","MKF 수출주 지수","12522.16","-92.81","-0.74"
"140580","KBSTAR 우량업종","11980","-100","-0.83","11954.29","12050","12050","11955","51","611855","5990000000","0","500000","MKF 우량업종대표주 지수","11876.13","-116.17","-0.97"
"379790","KBSTAR 유로스탁스50(H)","11030","-50","-0.45","11022.53","11080","11115","11010","932","10278035","7169500000","0","650000","EURO STOXX 50 Index","4306.07","21.24","0.50"
"183710","KBSTAR 주식혼합","43195","10","0.02","43067.19","43195","43195","43195","2","86390","8639000000","0","200000","주식국채혼합(주식형)지수","1729.17","-6.46","-0.37"
"310080","KBSTAR 중국MSCI China(H)","10685","-70","-0.65","10698.96","10695","10730","10665","776","8306235","11219250000","0","1050000","MSCI China NTR Index(USD) (Net Total Return)","601.16","6.47","1.09"
"174360","KBSTAR 중국본토대형주CSI100","21740","60","0.28","21878.66","21710","21805","21510","2846","61820415","76090000000","0","3500000","CSI 100","4780.37","32.45","0.68"
"136340","KBSTAR 중기우량회사채","104685","-25","-0.02","104653.20","104705","104705","104625","20861","2184127930","81654300000","0","780000","KOBI 크레딧 지수(총수익)","14253.63","-7.84","-0.05"
"281990","KBSTAR 중소형고배당","12375","-45","-0.36","12373.63","12420","12420","12350","298","3690290","6187500000","0","500000","FnGuide 중소형고배당포커스 지수","11812.83","-61.20","-0.52"
"272570","KBSTAR 중장기국공채액티브","103050","-90","-0.09","103017.54","103120","103120","103040","19","1958295","29369250000","0","285000","KIS 종합채권국공채4~5Y지수","137.74","-0.20","-0.14"
"250730","KBSTAR 차이나HSCEI(H)","9340","-30","-0.32","9386.64","9370","9445","9325","1314","12286405","9340000000","0","1000000","Hang Seng China H","8096.44","-2.32","-0.03"
"291680","KBSTAR 차이나H선물인버스(H)","11995","50","0.42","11922.08","11950","12055","11855","672","8041135","5997500000","0","500000","Hang Seng China Enterprises Futures Index(Price Return)","10347.94","6.37","0.06"
"371150","KBSTAR 차이나항셍테크","7235","0","0.00","7262.11","7395","7395","7185","112482","814688970","7235000000","0","1000000","Hang Seng TECH Index","5475.70","3.83","0.07"
"183700","KBSTAR 채권혼합","62845","-125","-0.20","62820.52","62845","62845","62845","27","1696595","15082800000","0","240000","주식국채혼합(채권형)지수","1596.89","-3.15","-0.20"
"270810","KBSTAR 코스닥150","15125","50","0.33","15295.08","15075","15130","14890","13765","207137185","158207500000","0","10460000","코스닥 150","1524.21","3.65","0.24"
"278240","KBSTAR 코스닥150선물레버리지","17355","115","0.67","17276.00","17295","17420","16865","22059","378397640","172335150000","0","9930000","F-코스닥150 지수","1719.57","3.43","0.20"
"275750","KBSTAR 코스닥150선물인버스","4250","-10","-0.23","4252.90","4255","4305","4235","19432","83094265","4250000000","0","1000000","F-코스닥150 지수","1719.57","3.43","0.20"
"302450","KBSTAR 코스피","30405","-190","-0.62","30411.78","30515","30695","30385","125257","3817255945","173308500000","0","5700000","코스피","2977.63","-15.66","-0.52"
"361590","KBSTAR 코스피ex200","14370","75","0.52","14352.60","14320","14370","14315","16","229510","8622000000","0","600000","코스피200제외 코스피지수","4058.27","14.35","0.35"
"334690","KBSTAR 팔라듐선물(H)","11255","105","0.94","11192.03","11295","11400","11255","5428","61367435","5627500000","0","500000","S&P GSCI Palladium Excess Return Index","1321.68","-2.54","-0.19"
"334700","KBSTAR 팔라듐선물인버스(H)","5405","-25","-0.46","5431.96","5365","5405","5300","1069","5746220","2702500000","0","500000","S&P GSCI Palladium Excess Return Index","1321.68","-2.54","-0.19"
"253280","KBSTAR 헬스케어","14195","-70","-0.49","14218.09","14395","14395","14185","1986","28285580","7097500000","0","500000","FnGuide 헬스케어 지수","3580.88","-18.69","-0.52"
"253290","KBSTAR 헬스케어채권혼합","11955","-20","-0.17","11950.92","12005","12005","11935","1296","15501500","11955000000","0","1000000","FnGuide 헬스케어 채권혼합 지수","1950.95","-4.01","-0.21"
"105190","KINDEX 200","40310","-135","-0.33","40280.66","40570","40605","40135","369228","14838516805","683254500000","0","16950000","코스피 200","394.19","-2.53","-0.64"
"332500","KINDEX 200TR","24525","-100","-0.41","24503.69","24670","24670","24405","5376","131783980","304110000000","0","12400000","코스피 200 TR","477.02","-3.06","-0.64"
"368470","KINDEX Fn K-뉴딜디지털플러스","13915","-80","-0.57","13885.60","13985","13985","13880","33","459675","6957500000","0","500000","FnGuide K-뉴딜 디지털 플러스 지수","2773.85","-19.84","-0.71"
"380340","KINDEX Fn5G플러스","9815","45","0.46","9804.83","9790","9815","9735","25899","253321805","9815000000","0","1000000","FnGuide 5G플러스 지수 (시장가격)","1953.61","8.93","0.46"
"226380","KINDEX Fn성장소비주도주","7820","40","0.51","7829.13","7780","7825","7770","155","1212160","7820000000","0","1000000","FnGuide 성장소비주도 지수","2592.07","1.13","0.04"
"356540","KINDEX KIS종합채권(AA-이상)액티브","98000","-80","-0.08","97934.60","98360","98380","98000","3","294740","39788000000","0","406000","KIS 종합채권 AA-이상 총수익 지수(Total return Index)","110.76","-0.29","-0.26"
"411060","KINDEX KRX금현물","10095","-15","-0.15","10015.12","10110","10110","10070","292254","2946097290","10095000000","0","1000000","KRX 금현물지수","1620.90","-4.23","-0.26"
"277540","KINDEX S&P아시아TOP50","14185","45","0.32","14160.13","14195","14195","14070","1893","26715545","25533000000","0","1800000","S&P ASIA50 Price Return Index","4110.17","-5.40","-0.13"
"225130","KINDEX 골드선물 레버리지(합성 H)","16735","-150","-0.89","16760.89","16885","16885","16735","5240","87977840","21755500000","0","1300000","S&P GSCI GOLD Index Excess Return","133.81","0.62","0.47"
"365780","KINDEX 국고채10년","95015","-450","-0.47","94982.81","95130","95185","94950","98","9316135","12827025000","0","135000","KIS 10년 국고채 지수 (총수익)","15880.79","-99.32","-0.62"
"114460","KINDEX 국고채3년","105675","-75","-0.07","105677.42","105710","105710","105590","329","34743710","57064500000","0","540000","KTB INDEX(시장가격)","10628.59","-6.95","-0.07"
"299070","KINDEX 국채선물10년인버스","96715","460","0.48","96714.20","0","0","0","0","0","4835750000","0","50000","10년국채선물지수","1323.47","-7.78","-0.58"
"299080","KINDEX 국채선물3년인버스","100185","85","0.08","100196.03","0","0","0","0","0","5009250000","0","50000","국채선물지수","1262.51","-1.05","-0.08"
"190620","KINDEX 단기통안채","100110","0","0.00","100103.72","100110","100110","100110","2152","215436720","171588540000","0","1714000","KIS MSB 단기지수(총수익)","11597.52","1.27","0.01"
"265690","KINDEX 러시아MSCI(합성)","31585","-115","-0.36","31408.78","31700","31700","31505","547","17263965","9475500000","0","300000","MSCI Russia 25% Capped Price Return Index","12529.14","152.28","1.23"
"152500","KINDEX 레버리지","9495","-105","-1.09","9491.67","9600","9630","9450","5990","56975355","9495000000","0","1000000","코스피 200","394.19","-2.53","-0.64"
"291130","KINDEX 멕시코MSCI(합성)","10650","-60","-0.56","10717.47","10710","10770","10650","1134","12194905","8520000000","0","800000","MSCI MEXICO IMI 25/50 Price return Index","10598.06","67.40","0.64"
"342140","KINDEX 모닝스타싱가포르리츠채권혼합","10085","-30","-0.30","10019.48","9955","10085","9955","10","100720","10085000000","0","1000000","Morningstar Singapore REIT Yield Focus Income Protection Index","987.98","-1.60","-0.16"
"280320","KINDEX 미국IT인터넷S&P(합성 H)","19840","-65","-0.33","19761.40","19855","19860","19815","1007","19992545","15872000000","0","800000","다우존스 인터넷 종합지수","1038.75","5.03","0.49"
"360200","KINDEX 미국S&P500","14440","5","0.03","14452.15","14420","14450","14370","215814","3108101730","577600000000","0","40000000","S&P 500","4778.73","-14.33","-0.30"
"309230","KINDEX 미국WideMoat가치주","18485","50","0.27","18450.47","18430","18485","18300","44656","819745825","118304000000","0","6400000","MorningStar Wide Moat Focus Index","11676.45","-42.59","-0.36"
"402970","KINDEX 미국고배당S&P","10620","-5","-0.05","10636.06","10610","10630","10580","16794","177941605","12744000000","0","1200000","Dow Jones U.S. Dividend 100 Price Return Index","5720.08","-12.02","-0.21"
"367380","KINDEX 미국나스닥100","15075","-20","-0.13","15072.29","15095","15095","14965","124476","1867518380","375367500000","0","24900000","NASDAQ 100","16429.10","-61.91","-0.38"
"181480","KINDEX 미국다우존스리츠(합성 H)","105250","250","0.24","105713.63","105160","105255","104900","1741","183171160","29470000000","0","280000","Dow Jones U.S. Real Estate Index","1945.76","7.90","0.41"
"391590","KINDEX 미국스팩&IPO INDXX","9430","-120","-1.26","9370.74","9395","9430","9375","4798","45081370","11316000000","0","1200000","Indxx SPAC & NEXTGEN IPO Price return Index","872.05","14.53","1.69"
"391600","KINDEX 미국친환경그린테마INDXX","10040","-60","-0.59","9983.54","10000","10040","9975","231415","2311571900","64256000000","0","6400000","Indxx US Green Infrastructure Price return Index","3638.54","37.87","1.05"
"143460","KINDEX 밸류대형","9840","-60","-0.61","9827.41","9910","9910","9840","70","689750","18696000000","0","1900000","FnGuide-RAFI 코리아 대형 지수","9557.93","-56.36","-0.59"
"245710","KINDEX 베트남VN30(합성)","23245","100","0.43","23219.75","23135","23245","22920","46867","1079050545","216178500000","0","9300000","VN30 Index(PR)","1519.62","3.68","0.24"
"371130","KINDEX 블룸버그베트남VN30선물레버리지(H)","21705","0","0.00","21896.10","21505","21785","21475","1697","36763430","10852500000","0","500000","Bloomberg VN30 Futures Excess Return Index","208.65","0.89","0.43"
"131890","KINDEX 삼성그룹동일가중","17325","-95","-0.55","17295.96","17445","17445","17280","921","15996180","8662500000","0","500000","MKF SAMs EW 지수","16813.92","-98.10","-0.58"
"108450","KINDEX 삼성그룹섹터가중","16545","35","0.21","16546.30","16600","16670","16485","3979","65958350","34744500000","0","2100000","MKF SAMs SW","16285.09","-57.17","-0.35"
"322130","KINDEX 스마트로우볼","16760","-105","-0.62","16737.62","16885","16885","16760","22","370000","11732000000","0","700000","FnGuide 스마트 로우볼 지수","1634.49","-10.33","-0.63"
"272220","KINDEX 스마트모멘텀","17135","-50","-0.29","17105.74","17220","17220","17050","26","446335","8567500000","0","500000","FnGuide 스마트 모멘텀 지수","1677.57","-5.19","-0.31"
"272230","KINDEX 스마트밸류","15210","-100","-0.65","15182.44","15320","15320","15210","20","305300","9126000000","0","600000","FnGuide 스마트 밸류 지수","1483.29","-9.47","-0.63"
"322120","KINDEX 스마트퀄리티","18165","-100","-0.55","18152.17","18300","18300","18140","625","11362945","7266000000","0","400000","FnGuide 스마트 퀄리티 지수","1792.11","-8.47","-0.47"
"322150","KINDEX 스마트하이베타","14770","-85","-0.57","14751.99","14870","14870","14770","21","311195","8862000000","0","600000","FnGuide 스마트 하이베타 지수","1453.82","-7.41","-0.51"
"316300","KINDEX 싱가포르리츠","12295","-20","-0.16","12434.07","12370","12370","12195","1991","24341415","11065500000","0","900000","Morningstar Singapore REIT Yield Focus Index(PR)","1598.20","0.81","0.05"
"256440","KINDEX 인도네시아MSCI(합성)","9235","0","0.00","9368.05","9175","9245","9090","5757","52817855","47098500000","0","5100000","MSCI Indonesia Index","6696.45","-27.17","-0.40"
"145670","KINDEX 인버스","4895","10","0.20","4911.60","4895","4900","4875","3177","15538425","6363500000","0","1300000","코스피 200 선물지수","1995.56","-10.37","-0.52"
"238720","KINDEX 일본Nikkei225(H)","19000","-5","-0.03","18940.76","19005","19005","18770","2158","40695255","19000000000","0","1000000","Nikkei 225","28791.71","-115.17","-0.40"
"196030","KINDEX 일본TOPIX레버리지(H)","22040","-125","-0.56","21983.11","21970","22040","21700","267","5831145","11020000000","0","500000","TOPIX","1992.33","-6.66","-0.33"
"205720","KINDEX 일본TOPIX인버스(합성 H)","4155","15","0.36","4176.62","4140","4160","4125","1908","7881195","7479000000","0","1800000","TOPIX","1992.33","-6.66","-0.33"
"168580","KINDEX 중국본토CSI300","32650","250","0.77","32566.92","32400","32880","32260","12150","395717175","225285000000","0","6900000","CSI 300 Index","4921.51","38.03","0.78"
"219900","KINDEX 중국본토CSI300레버리지(합성)","5765","85","1.50","5820.38","5655","5765","5610","7150","40671725","12683000000","0","2200000","CSI 300 Index","4921.51","38.03","0.78"
"272910","KINDEX 중장기국공채액티브","100120","-185","-0.18","100092.48","100210","100210","100120","27","2703375","13315960000","0","133000","KIS 종합채권국공채1-10Y지수","142.61","-0.29","-0.20"
"371870","KINDEX 차이나항셍테크","7115","-10","-0.14","7146.54","7375","7375","7085","4857","34629375","4269000000","0","600000","Hang Seng TECH Index","5475.70","3.83","0.07"
"251890","KINDEX 코스닥(합성)","14825","105","0.71","14806.28","14705","14825","14645","65","959075","8895000000","0","600000","코스닥","1033.98","5.93","0.58"
"354500","KINDEX 코스닥150","15245","-70","-0.46","15365.73","15230","15360","15170","5081","77446250","21343000000","0","1400000","코스닥 150","1524.12","3.56","0.23"
"305050","KINDEX 코스피","30680","-140","-0.45","30634.55","30860","30860","30640","1310","40157915","7670000000","0","250000","코스피","2977.63","-15.66","-0.52"
"261920","KINDEX 필리핀MSCI(합성)","14870","105","0.71","14837.92","14570","14900","14570","212","3117805","5948000000","0","400000","MSCI Philippines IMI Index","1709.42","0.00","0.00"
"069500","KODEX 200","39870","-245","-0.61","39934.52","40145","40255","39790","3863164","154285865225","6112071000000","0","153300000","코스피 200","394.19","-2.53","-0.64"
"226980","KODEX 200 중소형","13920","-45","-0.32","13915.98","13945","13975","13900","1803","25123450","6960000000","0","500000","코스피 200 중소형주지수","1377.24","-4.75","-0.34"
"337160","KODEX 200ESG","14410","-85","-0.59","14402.53","14525","14525","14370","3510","50783570","48994000000","0","3400000","코스피 200 ESG 지수","425.77","-2.19","-0.51"
"363580","KODEX 200IT TR","14290","70","0.49","14297.23","14295","14375","14245","719","10278165","90027000000","0","6300000","코스피200 정보기술 TR","4305.92","10.87","0.25"
"278530","KODEX 200TR","13080","-85","-0.65","13105.74","13235","13235","13055","308535","4037632165","1018278000000","0","77850000","코스피 200 TR","477.02","-3.06","-0.64"
"337150","KODEX 200exTOP","13515","-85","-0.63","13483.63","0","0","0","0","0","14866500000","0","1100000","코스피 200 초대형제외 지수","287.91","-1.85","-0.64"
"223190","KODEX 200가치저변동","10900","-95","-0.86","10897.68","10955","10965","10885","2767","30214875","15260000000","0","1400000","코스피 200 가치저변동성","5266.16","-49.30","-0.93"
"252650","KODEX 200동일가중","12160","-95","-0.78","12156.68","12200","12200","12160","6","73140","7296000000","0","600000","코스피 200 동일가중지수","2394.48","-18.73","-0.78"
"360140","KODEX 200롱코스닥150숏선물","10035","-50","-0.50","10040.60","10065","10195","10020","856","8607015","16056000000","0","1600000","코스피200 롱 100% 코스닥150 숏 100% 선물지수","850.11","-6.46","-0.75"
"284430","KODEX 200미국채혼합","13320","-35","-0.26","13276.14","13355","13355","13230","30247","402467040","28771200000","0","2160000","코스피 200 미국채 혼합지수","3174.94","-10.21","-0.32"
"252670","KODEX 200선물인버스2X","2160","30","1.41","2161.51","2130","2170","2115","103258841","221634543740","2377512000000","0","1100700000","코스피 200 선물지수","1995.56","-10.37","-0.52"
"305720","KODEX 2차전지산업","22290","-55","-0.25","22314.54","22405","22410","22055","951013","21159439865","1297278000000","0","58200000","FnGuide 2차전지 산업 지수","3877.89","-20.84","-0.53"
"271060","KODEX 3대농산물선물(H)","11470","70","0.61","11466.91","11410","11485","11410","10630","121784520","9290700000","0","810000","S&P GSCI Grains Select Index ER","24.12","-0.40","-1.63"
"368680","KODEX Fn K-뉴딜디지털플러스","11625","-80","-0.68","11621.35","11705","11705","11595","1773","20610870","17437500000","0","1500000","FnGuide K-뉴딜 디지털 플러스 지수","2773.85","-19.84","-0.71"
"395170","KODEX Fn Top10동일가중","8930","-50","-0.56","8929.39","9025","9035","8910","7387","65934365","8037000000","0","900000","FnGuide TOP10 동일가중 지수","1394.71","-7.02","-0.50"
"337120","KODEX Fn멀티팩터","14095","0","0.00","14080.23","14100","14120","14040","2113","29778235","9866500000","0","700000","FnGuide 멀티팩터 지수","8784.97","-33.47","-0.38"
"325010","KODEX Fn성장","17630","-70","-0.40","17616.72","17600","17630","17530","30662","538621035","93439000000","0","5300000","FnGuide 성장 지수(PR)","4956.36","-9.71","-0.20"
"395160","KODEX Fn시스템반도체","10595","125","1.19","10597.88","10470","10625","10445","29388","309857540","24368500000","0","2300000","FnGuide 시스템반도체 지수","2428.67","30.83","1.29"
"395150","KODEX Fn웹툰&드라마","9555","30","0.31","9563.52","9525","9555","9410","8125","77254265","12421500000","0","1300000","FnGuide 웹툰&드라마 지수","1434.48","5.70","0.40"
"266370","KODEX IT","21845","100","0.46","21875.72","21820","21925","21725","16898","368680760","39321000000","0","1800000","KRX 정보기술","1872.57","10.07","0.54"
"401470","KODEX K-메타버스액티브","13355","35","0.26","13363.18","13315","13370","13155","1483384","19720745040","499477000000","0","37400000","FnGuide K-메타버스 지수","1927.60","-3.22","-0.17"
"385520","KODEX K-미래차액티브","11605","-5","-0.04","11605.87","11620","11675","11530","44453","514846195","67309000000","0","5800000","FnGuide K-미래차 지수","2166.32","-3.18","-0.15"
"385510","KODEX K-신재생에너지액티브","11955","50","0.42","11969.49","11910","12000","11790","25334","301880445","79500750000","0","6650000","FnGuide K-신재생에너지 플러스 지수","1800.56","-14.43","-0.80"
"373490","KODEX K-이노베이션액티브","11505","10","0.09","11518.25","11515","11540","11475","2272","26126755","6327750000","0","550000","FnGuide K-이노베이션 지수","2186.81","-10.76","-0.49"
"292190","KODEX KRX300","18630","-100","-0.53","18625.63","18710","18710","18600","1281","23895040","44712000000","0","2400000","KRX 300","1812.18","-8.91","-0.49"
"306950","KODEX KRX300레버리지","18940","-420","-2.17","19036.32","19370","19370","18910","2161","41119215","18940000000","0","1000000","KRX 300","1810.84","-10.25","-0.56"
"404260","KODEX KRX기후변화솔루션","10065","0","0.00","10064.95","10065","10085","10035","1183","11895090","38247000000","0","3800000","KRX 기후변화 솔루션지수","1935.81","-7.16","-0.37"
"229720","KODEX KTOP30","21270","-205","-0.95","21261.21","21400","21400","21250","379","8079260","12762000000","0","600000","KTOP 30","10505.33","-98.90","-0.93"
"291890","KODEX MSCI EM선물(H)","9795","-55","-0.56","9820.30","9950","9950","9795","312","3070115","3428250000","0","350000","iEdge Emerging Markets Futures Index(ER)","1368.73","15.76","1.16"
"289040","KODEX MSCI KOREA ESG유니버설","11970","-75","-0.62","11966.56","12035","12040","11950","696","8355010","17955000000","0","1500000","MSCI Korea ESG Universal Capped Index","1657.28","-10.43","-0.63"
"156080","KODEX MSCI Korea","18715","-120","-0.64","18715.73","18870","18870","18715","223","4188205","9357500000","0","500000","MSCI Korea Index","911.53","-6.28","-0.68"
"278540","KODEX MSCI Korea TR","12860","-80","-0.62","12855.56","12965","12965","12825","689605","8914248410","2121900000000","0","165000000","MSCI Korea TR Index","1615.99","-11.13","-0.68"
"275280","KODEX MSCI모멘텀","12760","-35","-0.27","12764.39","12760","12760","12760","1","12760","7656000000","0","600000","MSCI Korea IMI Momentum Capped","4157.66","-26.01","-0.62"
"275290","KODEX MSCI밸류","12790","-50","-0.39","12792.50","12840","12840","12745","412","5263440","8953000000","0","700000","MSCI Korea IMI Enhanced Value Capped","7512.33","-26.90","-0.36"
"275300","KODEX MSCI퀄리티","10380","-135","-1.28","10416.79","10440","10450","10380","802","8347310","6228000000","0","600000","MSCI Korea IMI Quality Capped","6009.19","-48.89","-0.81"
"269420","KODEX S&P글로벌인프라(합성)","12790","75","0.59","12729.43","12650","12790","12620","3345","42495235","14913140000","0","1166000","S&P Global Infrastructure Index","2747.65","-3.96","-0.14"
"329650","KODEX TRF3070","11620","-15","-0.13","11578.36","11695","11695","11590","142073","1650204980","117362000000","0","10100000","FnGuide TRF 3070 지수","1493.62","-2.56","-0.17"
"329660","KODEX TRF5050","12800","15","0.12","12747.57","12780","12800","12695","14136","180216330","24320000000","0","1900000","FnGuide TRF 5050 지수","1685.51","-0.43","-0.03"
"329670","KODEX TRF7030","13970","15","0.11","13926.70","13940","13970","13895","3764","52400535","23749000000","0","1700000","FnGuide TRF 7030 지수","1888.67","2.26","0.12"
"352540","KODEX TSE일본리츠(H)","13115","-10","-0.08","13116.99","13150","13150","13115","76","998635","10492000000","0","800000","Tokyo Stock Exchange REIT Index","2066.33","-3.89","-0.19"
"315930","KODEX Top5PlusTR","19395","-30","-0.15","19371.68","19500","19500","19325","2830","54836075","457722000000","0","23600000","FnGuide TOP 5 Plus Total Return 지수","1966.33","-1.72","-0.09"
"261220","KODEX WTI원유선물(H)","11950","55","0.46","11963.96","11940","12020","11935","181035","2167923265","184926250000","0","15475000","S&P GSCI Crude Oil Index ER","119.41","0.67","0.56"
"271050","KODEX WTI원유선물인버스(H)","7235","-20","-0.28","7204.33","7240","7255","7200","16774","121167700","10309875000","0","1425000","S&P GSCI Crude Oil Index ER","119.41","0.67","0.56"
"117700","KODEX 건설","3400","0","0.00","3401.28","3405","3410","3375","229209","777217880","91120000000","0","26800000","KRX 건설","681.29","-2.54","-0.37"
"300950","KODEX 게임산업","17420","90","0.52","17418.35","17330","17460","17120","38290","663620460","19162000000","0","1100000","FnGuide 게임 산업 지수","2120.94","10.51","0.50"
"266390","KODEX 경기소비재","11705","-125","-1.06","11682.28","11825","11825","11680","1136","13301485","8193500000","0","700000","KRX 경기소비재","1332.85","-15.36","-1.14"
"279530","KODEX 고배당","10225","-25","-0.24","10237.64","10270","10270","10195","5246","53607200","35787500000","0","3500000","FnGuide 고배당 Plus 지수","15190.53","-77.02","-0.50"
"132030","KODEX 골드선물(H)","12135","-70","-0.57","12133.81","12190","12190","12130","137966","1675241900","230565000000","0","19000000","S&P GSCI Gold Index(TR)","916.18","4.19","0.46"
"280940","KODEX 골드선물인버스(H)","7195","15","0.21","7223.38","7195","7195","7190","100","719270","4317000000","0","600000","S&P GSCI GOLD Index Excess Return","133.81","0.62","0.47"
"138910","KODEX 구리선물(H)","8070","-10","-0.12","8077.52","8080","8105","8055","16784","135706025","18561000000","0","2300000","S&P GSCI North American Copper Index(TR)","593.38","-2.77","-0.46"
"114260","KODEX 국고채3년","57815","15","0.03","57793.48","58040","58040","57780","2985","172597425","134940210000","0","2334000","MKF 국고채지수(총수익)","187.05","-0.18","-0.10"
"152380","KODEX 국채선물10년","68840","-290","-0.42","68874.09","69085","69085","68840","744","51275115","21065040000","0","306000","10년국채선물지수","1323.47","-7.78","-0.58"
"176950","KODEX 국채선물10년인버스","47635","190","0.40","47636.37","47570","47680","47570","714","33987300","11432400000","0","240000","10년국채선물지수","1323.47","-7.78","-0.58"
"292770","KODEX 국채선물3년인버스","50065","0","0.00","50069.73","0","0","0","0","0","5106630000","0","102000","국채선물지수","1262.51","-1.05","-0.08"
"276990","KODEX 글로벌4차산업로보틱스(합성)","19870","-30","-0.15","19779.00","19780","19870","19635","6656","131220745","21380120000","0","1076000","ROBO Global Robotics & Automation UCITS Price Return Index","1141.99","-4.28","-0.37"
"102960","KODEX 기계장비","5610","-35","-0.62","5609.74","5635","5635","5595","10222","57326745","15147000000","0","2700000","KRX 기계장비","596.15","-3.55","-0.59"
"352560","KODEX 다우존스미국리츠(H)","15840","-30","-0.19","15915.30","15950","15950","15840","58076","922949465","20592000000","0","1300000","Dow Jones U.S. Real Estate PR Index","453.04","1.23","0.27"
"273140","KODEX 단기변동금리부채권액티브","102910","10","0.01","102905.56","102905","102910","102905","1006","103527430","114024280000","0","1108000","KAP 단기변동금리부은행채권지수","128.44","0.01","0.01"
"153130","KODEX 단기채권","103110","-5","0.00","103105.37","103105","103110","103105","7463","769501020","1584800700000","0","15370000","KRW Cash 지수(총수익)","154.23","0.00","0.00"
"214980","KODEX 단기채권PLUS","103435","0","0.00","103434.20","103440","103440","103430","7905","817640550","1168298325000","0","11295000","KRW Cash PLUS 지수(총수익)","147.95","0.00","0.00"
"122630","KODEX 레버리지","23870","-295","-1.22","23999.96","24230","24355","23805","14075485","338085376240","1599290000000","0","67000000","코스피 200","394.19","-2.53","-0.64"
"321410","KODEX 멀티에셋하이인컴(H)","10965","-135","-1.22","11019.92","10960","11070","10960","3619","39673090","5482500000","0","500000","Morningstar Multi-Asset High Income 10% Capped Index","1206.07","3.29","0.27"
"244620","KODEX 모멘텀Plus","13350","75","0.56","13376.33","13255","13390","13255","1589","21153370","12015000000","0","900000","FnGuide 모멘텀 Plus 지수","4247.07","18.58","0.44"
"314250","KODEX 미국FANG플러스(H)","29365","-240","-0.81","29357.16","29310","29460","29260","73506","2157098020","505078000000","0","17200000","NYSE FANG+TM Index","7524.28","103.13","1.39"
"379800","KODEX 미국S&P500TR","12560","10","0.08","12569.35","12540","12565","12495","317000","3970507335","244920000000","0","19500000","S&P 500 Total Return Index","10012.51","-29.10","-0.29"
"219480","KODEX 미국S&P500선물(H)","23095","-30","-0.13","23106.21","23095","23125","23065","179391","4142680075","152427000000","0","6600000","S&P 500 Futures Total Return Index","693.82","-1.78","-0.26"
"276970","KODEX 미국S&P고배당커버드콜(합성 H)","10435","85","0.82","10449.33","10380","10435","10380","18822","195676425","38609500000","0","3700000","S&P500 Dividend Aristocrats Covered Call(7.2% Premium) Index","136.56","-0.08","-0.06"
"185680","KODEX 미국S&P바이오(합성)","29470","-20","-0.07","29222.59","29455","29470","29300","1491","43744635","9577750000","0","325000","S&P Biotechnology Select Industry Index","8810.95","43.28","0.49"
"200030","KODEX 미국S&P산업재(합성)","22000","50","0.23","21977.48","21920","22000","21805","2327","50917605","12628000000","0","574000","S&P Select Sector Industrial Index","1061.81","-4.18","-0.39"
"218420","KODEX 미국S&P에너지(합성)","7780","-90","-1.14","7785.45","7720","7820","7720","3115","24268300","23682320000","0","3044000","S&P Select Sector Energy Index","581.24","-3.96","-0.68"
"379810","KODEX 미국나스닥100TR","12910","-10","-0.08","12902.63","12860","12910","12815","313893","4036105090","276274000000","0","21400000","NASDAQ-100 Total Return Index","19346.18","-72.28","-0.37"
"409820","KODEX 미국나스닥100레버리지(합성 H)","10145","-90","-0.88","10162.12","10135","10170","10100","240682","2437336995","50725000000","0","5000000","NASDAQ 100","16429.10","-61.91","-0.38"
"304940","KODEX 미국나스닥100선물(H)","20910","-85","-0.40","20922.88","20890","20925","20860","95551","1996498200","101413500000","0","4850000","NASDAQ 100","16429.10","-61.91","-0.38"
"409810","KODEX 미국나스닥100선물인버스(H)","9870","60","0.61","9865.29","9845","9870","9840","252479","2489933175","29610000000","0","3000000","NASDAQ 100","16429.10","-61.91","-0.38"
"261240","KODEX 미국달러선물","10515","15","0.14","10529.07","10490","10515","10465","98169","1029609160","109881750000","0","10450000","미국달러선물지수","1246.67","3.45","0.28"
"261250","KODEX 미국달러선물레버리지","10150","25","0.25","10174.06","10105","10150","10060","73999","747833860","21416500000","0","2110000","미국달러선물지수","1246.67","3.45","0.28"
"261270","KODEX 미국달러선물인버스","9610","-40","-0.41","9624.86","9660","9665","9610","4788","46176150","5669900000","0","590000","미국달러선물지수","1246.67","3.45","0.28"
"261260","KODEX 미국달러선물인버스2X","8750","-40","-0.46","8742.11","8800","8835","8750","23465","206673510","7787500000","0","890000","미국달러선물지수","1246.67","3.45","0.28"
"280930","KODEX 미국러셀2000(H)","14525","-25","-0.17","14644.26","14620","14620","14500","91167","1323445960","29050000000","0","2000000","FTSE Russell 2000 Index","2248.79","-0.45","-0.02"
"411420","KODEX 미국메타버스나스닥액티브","10145","-45","-0.44","10178.82","10145","10150","10080","2383447","24099140075","116667500000","0","11500000","Nasdaq Yewno Metaverse Index (Price Return)","1026.69","-1.71","-0.17"
"390390","KODEX 미국반도체MV","12630","-40","-0.32","12680.11","12660","12660","12570","71515","901487005","54309000000","0","4300000","MVIS US Listed Semiconductor 25 Index","4665.34","-55.95","-1.19"
"390400","KODEX 미국스마트모빌리티S&P","9335","-105","-1.11","9197.91","9325","9335","9260","13271","123305775","13069000000","0","1400000","S&P Kensho Smart Transportation","326.26","5.93","1.85"
"308620","KODEX 미국채10년선물","11855","-20","-0.17","11849.15","11800","11855","11780","12837","151868435","14226000000","0","1200000","S&P 10-Year U.S. Treasury Note Futures KRW(ER)","234.58","0.79","0.34"
"304660","KODEX 미국채울트라30년선물(H)","12470","-200","-1.58","12474.65","12465","12470","12445","42002","523320605","23693000000","0","1900000","S&P Ultra T-Bond Futures Index(ER)","192.95","0.95","0.49"
"304670","KODEX 미국채울트라30년선물인버스(H)","7270","105","1.47","7274.09","7275","7285","7270","4122","29991985","6543000000","0","900000","S&P Ultra T-Bond Futures Index(ER)","192.95","0.95","0.49"
"266360","KODEX 미디어&엔터테인먼트","24850","-75","-0.30","24858.34","24900","24900","24700","5965","147919050","47215000000","0","1900000","KRX 미디어&엔터테인먼트","3813.55","-9.73","-0.25"
"244580","KODEX 바이오","12440","0","0.00","12516.86","12560","12560","12420","203323","2533712510","35827200000","0","2880000","FnGuide 바이오 지수","4295.42","-33.70","-0.78"
"091160","KODEX 반도체","39705","635","1.63","39828.87","39330","39845","39235","284291","11262288535","258082500000","0","6500000","KRX 반도체","4073.53","68.60","1.71"
"325020","KODEX 배당가치","13340","-75","-0.56","13322.29","13415","13435","13275","5099","67907720","188094000000","0","14100000","FnGuide SLV 배당가치 지수","1546.03","-8.95","-0.58"
"211900","KODEX 배당성장","15560","-110","-0.70","15592.25","15670","15670","15555","1422","22194595","32676000000","0","2100000","코스피 배당성장 50","3782.79","-27.74","-0.73"
"237370","KODEX 배당성장채권혼합","12055","-20","-0.17","12050.37","12075","12075","12045","16391","197668920","21699000000","0","1800000","배당성장채권혼합지수","1909.29","-4.76","-0.25"
"244670","KODEX 밸류Plus","9540","-55","-0.57","9577.95","9550","9575","9530","1100","10510495","10494000000","0","1100000","FnGuide 벨류 Plus 지수","1824.51","-9.55","-0.52"
"140700","KODEX 보험","6590","-55","-0.83","6604.14","6645","6655","6590","10711","70964300","15816000000","0","2400000","KRX 보험","1277.91","-10.61","-0.82"
"102780","KODEX 삼성그룹","9950","-5","-0.05","9954.75","10020","10035","9930","176405","1757385070","1500460000000","0","150800000","삼성그룹","9812.86","-30.13","-0.31"
"213610","KODEX 삼성그룹밸류","9365","-25","-0.27","9368.48","9430","9430","9350","2473","23223140","8428500000","0","900000","WISE 삼성그룹 밸류 인덱스","9129.51","-44.12","-0.48"
"251350","KODEX 선진국MSCI World","21700","10","0.05","21706.74","21705","21715","21580","48587","1053836130","373240000000","0","17200000","MSCI World","3237.07","-6.88","-0.21"
"117460","KODEX 에너지화학","18555","-95","-0.51","18552.22","18650","18650","18430","2608","48321185","22080450000","0","1190000","KRX 에너지화학","3683.85","-26.79","-0.72"
"140710","KODEX 운송","5770","-100","-1.70","5769.33","5835","5835","5745","82155","475980795","18464000000","0","3200000","KRX 운송","1159.30","-19.00","-1.61"
"400570","KODEX 유럽탄소배출권선물ICE(H)","12715","120","0.95","12809.16","12750","12750","12690","115222","1464730545","71204000000","0","5600000","ICE EUA Carbon Futures Index(Excess Return)","1572.93","0.00","0.00"
"144600","KODEX 은선물(H)","4635","-95","-2.01","4636.01","4675","4675","4630","149854","697030135","97335000000","0","21000000","S&P GSCI Silver Index(TR)","737.29","6.46","0.88"
"091170","KODEX 은행","7555","-50","-0.66","7555.49","7595","7605","7545","146564","1108515035","295778250000","0","39150000","KRX 은행","739.81","-7.70","-1.03"
"114800","KODEX 인버스","4005","25","0.63","4006.27","3975","4015","3965","14891723","59434022805","1156243500000","0","288700000","코스피 200 선물지수","1995.56","-10.37","-0.52"
"101280","KODEX 일본TOPIX100","17025","95","0.56","16956.40","17130","17130","16730","2572","43809235","10215000000","0","600000","TOPIX100","1325.68","-3.07","-0.23"
"091180","KODEX 자동차","21235","-300","-1.39","21255.64","21520","21520","21210","236725","5047294100","780386250000","0","36750000","KRX 자동차","2151.89","-30.08","-1.38"
"363570","KODEX 장기종합채권(AA-이상)액티브KAP","95310","-390","-0.41","95277.21","95510","95510","95310","36","3436360","86732100000","0","910000","KAP 한국장기종합채권지수(AA-이상, 총수익)","299.26","-1.43","-0.48"
"273130","KODEX 종합채권(AA-이상)액티브","108240","-245","-0.23","108246.19","108205","108325","108195","18201","1970562100","1448900640000","0","13386000","KAP 한국종합채권지수","250.32","-0.64","-0.26"
"102970","KODEX 증권","8180","-65","-0.79","8175.97","8250","8250","8145","122106","1000009440","52761000000","0","6450000","KRX 증권","782.36","-7.85","-0.99"
"169950","KODEX 차이나A50","22750","25","0.11","22766.87","22700","22780","22450","2547","57502675","31850000000","0","1400000","FTSE China A50 Index","15679.33","107.05","0.69"
"283580","KODEX 차이나CSI300","14840","150","1.02","14782.58","14680","14840","14670","44063","651537390","100912000000","0","6800000","CSI 300 Index","4921.51","38.03","0.78"
"099140","KODEX 차이나H","17350","35","0.20","17369.60","17300","17395","17270","11654","201785895","53785000000","0","3100000","Hang Seng China H","8096.44","-2.32","-0.03"
"204450","KODEX 차이나H레버리지(H)","3860","-15","-0.39","3886.41","3880","3930","3845","65472","253997565","40916000000","0","10600000","Hang Seng China H","8096.44","-2.32","-0.03"
"256750","KODEX 차이나심천ChiNext(합성)","15040","60","0.40","15246.85","14945","15045","14680","14307","214043125","57152000000","0","3800000","SZSE ChiNext Price Index","3322.80","40.90","1.25"
"372330","KODEX 차이나항셍테크","7225","-25","-0.34","7256.03","7245","7310","7185","218017","1577432475","143055000000","0","19800000","Hang Seng TECH Index","5475.70","3.83","0.07"
"117680","KODEX 철강","8470","-110","-1.28","8469.84","8555","8565","8455","111920","951183155","56325500000","0","6650000","KRX 철강","1670.30","-18.19","-1.08"
"279540","KODEX 최소변동성","12350","-5","-0.04","12341.05","12325","12355","12295","452","5568735","12350000000","0","1000000","KRX 최소변동성지수","7234.28","-19.95","-0.28"
"229200","KODEX 코스닥 150","15070","-25","-0.17","15350.50","15120","15165","14910","6366147","96170255960","415178500000","0","27550000","코스닥 150","1524.21","3.65","0.24"
"233740","KODEX 코스닥150 레버리지","16525","15","0.09","16779.68","16560","16635","16110","8834125","145197849425","789895000000","0","47800000","코스닥 150","1524.21","3.65","0.24"
"360150","KODEX 코스닥150롱코스피200숏선물","9260","75","0.82","9220.56","9120","9260","9110","635","5868145","13890000000","0","1500000","코스닥150 롱 100% 코스피200 숏 100% 선물지수","1041.95","7.85","0.76"
"251340","KODEX 코스닥150선물인버스","4015","-10","-0.25","4033.46","4020","4080","4010","23080898","93191272060","401500000000","0","100000000","F-코스닥150 지수","1719.57","3.43","0.20"
"226490","KODEX 코스피","30325","-220","-0.72","30388.43","30555","30590","30295","164433","4995475080","424550000000","0","14000000","코스피","2977.63","-15.66","-0.52"
"237350","KODEX 코스피100","30745","-105","-0.34","30707.54","30855","30940","30695","1525","46898385","16909750000","0","550000","코스피 100","2979.12","-17.31","-0.58"
"359210","KODEX 코스피TR","14005","-60","-0.43","14000.43","14125","14125","13965","2510","35108300","33612000000","0","2400000","코스피 TR","3582.29","-18.84","-0.52"
"337140","KODEX 코스피대형주","14135","-55","-0.39","14135.57","14195","14240","14095","19890","280942460","32510500000","0","2300000","코스피 대형주","2907.22","-16.25","-0.56"
"138920","KODEX 콩선물(H)","11735","-10","-0.09","11833.18","11750","11845","11735","1846","21743085","7041000000","0","600000","S&P GSCI Soybeans Index(TR)","5183.31","-117.13","-2.21"
"244660","KODEX 퀄리티Plus","10555","-55","-0.52","10586.96","10605","10605","10550","861","9108360","7388500000","0","700000","FnGuide 퀄리티 Plus 지수","2534.15","-12.60","-0.49"
"375770","KODEX 탄소효율그린뉴딜","9810","-45","-0.46","9810.31","9855","9855","9775","5015","49258445","38259000000","0","3900000","KRX/S&P 탄소효율 그린뉴딜지수","1647.13","-8.53","-0.52"
"266410","KODEX 필수소비재","8330","-105","-1.24","8328.59","8410","8410","8290","16055","134095510","11662000000","0","1400000","KRX 필수소비재","1472.90","-19.76","-1.32"
"298770","KODEX 한국대만IT프리미어","21150","50","0.24","21272.86","21110","21180","21050","59990","1268276780","105750000000","0","5000000","한국 대만 IT 프리미어지수","3130.53","-0.59","-0.02"
"266420","KODEX 헬스케어","16050","-85","-0.53","16131.37","16300","16325","16010","18867","303491045","28890000000","0","1800000","KRX 헬스케어","3720.97","-21.94","-0.59"
"364690","KODEX 혁신기술테마액티브","13230","-75","-0.56","13214.08","13270","13310","13175","2475","32849965","9261000000","0","700000","코스피","2979.47","-13.82","-0.46"
"069660","KOSEF 200","39995","-130","-0.32","39947.50","40045","40135","39790","7564","301349085","623922000000","0","15600000","코스피 200","394.62","-2.10","-0.53"
"294400","KOSEF 200TR","47515","-310","-0.65","47663.39","48015","48015","47485","30506","1452735110","522665000000","0","11000000","코스피 200 TR","477.02","-3.06","-0.64"
"253250","KOSEF 200선물레버리지","21490","-270","-1.24","21495.77","21780","21920","21420","682","14741250","26002900000","0","1210000","코스피 200 선물지수","1995.56","-10.37","-0.52"
"253240","KOSEF 200선물인버스","5180","30","0.58","5183.04","5155","5185","5145","2750","14226080","4403000000","0","850000","코스피 200 선물지수","1995.56","-10.37","-0.52"
"253230","KOSEF 200선물인버스2X","2145","25","1.18","2149.04","2115","2150","2105","47381","101201295","10596300000","0","4940000","코스피 200 선물지수","1995.56","-10.37","-0.52"
"331910","KOSEF Fn중소형","23920","40","0.17","23899.63","23845","23935","23775","50","1193525","15787200000","0","660000","FnGuide-키움 스마트 중소형주 지수","2351.77","4.07","0.17"
"100910","KOSEF KRX100","6305","-40","-0.63","6298.30","6335","6355","6300","216","1366695","11349000000","0","1800000","KRX 100","6212.19","-35.06","-0.56"
"104530","KOSEF 고배당","9800","-70","-0.71","9809.51","9870","9870","9785","1573","15439685","5880000000","0","600000","MKF 웰스 고배당20","9286.64","-68.53","-0.73"
"148070","KOSEF 국고채10년","119505","-740","-0.62","119665.07","120240","120240","119505","4870","582958310","216304050000","0","1810000","KIS 10년 국고채 지수 (총수익)","15880.79","-99.32","-0.62"
"167860","KOSEF 국고채10년레버리지","126590","-1165","-0.91","126547.50","126900","127205","126585","458","58025275","8861300000","0","70000","KIS 10년 국고채 지수 (총수익)","15880.79","-99.32","-0.62"
"114470","KOSEF 국고채3년","111300","-45","-0.04","111340.60","111350","111365","111300","51","5677090","33390000000","0","300000","KTB INDEX(시장가격)","10628.59","-6.95","-0.07"
"130730","KOSEF 단기자금","100905","5","0.00","100898.51","100900","100905","100900","5116","516212765","154687365000","0","1533000","MK 머니마켓 지수(총수익)","12834.87","1.87","0.01"
"411860","KOSEF 독일DAX","10255","-20","-0.19","10261.39","10265","10265","10195","1143","11689025","7691250000","0","750000","DAX Index(PR)","6709.66","13.78","0.21"
"394340","KOSEF 릭소글로벌디지털경제MSCI","10150","20","0.20","10146.81","10095","10150","10085","218","2202390","8120000000","0","800000","MSCI ACWI IMI 디지털 이코노미 ESG 지수(시장가격)","4359.00","44.18","1.02"
"394350","KOSEF 릭소글로벌퓨처모빌리티MSCI","12025","-75","-0.62","11965.09","11985","12025","11960","10666","128092045","50505000000","0","4200000","MSCI ACWI IMI 퓨처모빌리티 ESG 지수(시장가격)","3120.46","9.61","0.31"
"138230","KOSEF 미국달러선물","12475","45","0.36","12472.51","12430","12475","12400","4163","51737670","34930000000","0","2800000","미국달러선물지수","1246.67","3.45","0.28"
"225800","KOSEF 미국달러선물레버리지","9665","40","0.42","9690.00","9605","9665","9570","11527","110792690","36630350000","0","3790000","미국달러선물지수","1246.67","3.45","0.28"
"139660","KOSEF 미국달러선물인버스","10030","-25","-0.25","10018.75","10060","10060","10030","59","592085","10431200000","0","1040000","미국달러선물지수","1246.67","3.45","0.28"
"230480","KOSEF 미국달러선물인버스2X","7700","-30","-0.39","7683.46","7745","7755","7695","117","904880","24486000000","0","3180000","미국달러선물지수","1246.67","3.45","0.28"
"373790","KOSEF 미국방어배당성장나스닥","12860","70","0.55","12823.05","12780","12860","12770","208","2661220","7716000000","0","600000","Nasdaq US Low Volatility Dividend Achievers Index","1246.54","0.68","0.05"
"104520","KOSEF 블루칩","9870","-90","-0.90","9869.04","9960","9965","9860","79","783215","11844000000","0","1200000","MKF 블루칩","9667.03","-86.35","-0.89"
"200250","KOSEF 인도Nifty50(합성)","18610","145","0.79","18615.65","18500","18610","18425","65130","1205121620","58621500000","0","3150000","Nifty 50 Index","17203.95","-9.65","-0.06"
"316670","KOSEF 코스닥150","7595","20","0.26","7642.72","7560","7595","7405","53608","401025975","19898900000","0","2620000","코스닥 150","1524.12","3.56","0.23"
"291630","KOSEF 코스닥150선물레버리지","7445","20","0.27","7417.54","7425","7485","7240","2697","19872760","9008450000","0","1210000","F-코스닥150 지수","1719.57","3.43","0.20"
"291620","KOSEF 코스닥150선물인버스","7310","-20","-0.27","7327.48","7360","7400","7295","2795","20495800","3874300000","0","530000","F-코스닥150 지수","1719.57","3.43","0.20"
"153270","KOSEF 코스피100","30195","-180","-0.59","30151.92","30400","30400","30150","57","1725065","19928700000","0","660000","코스피 100","2979.12","-17.31","-0.58"
"122260","KOSEF 통안채1년","101105","-10","-0.01","101109.01","101125","101125","101105","947013","95761674780","86950300000","0","860000","MK 통안채지수(총수익)","13402.62","0.70","0.01"
"168300","KTOP 코스피50","28365","-145","-0.51","28343.34","28620","28620","28300","124","3527060","8509500000","0","300000","코스피 50","2758.00","-14.23","-0.51"
"407170","MASTER 스마트커머스액티브","9770","-80","-0.81","9754.33","9810","9815","9740","4568","44628370","7816000000","0","800000","FnGuide 스마트커머스 지수","1118.47","-7.31","-0.65"
"407160","MASTER 테크미디어텔레콤액티브","10505","-10","-0.10","10506.86","10600","10600","10450","4045","42440990","8404000000","0","800000","FnGuide TMT 지수","2195.25","-1.42","-0.06"
"411540","SOL 200 Top10","9855","-25","-0.25","9850.67","9990","9990","9825","650","6408905","27594000000","0","2800000","코스피 200 Top 10 지수","1504.18","-7.86","-0.52"
"295040","SOL 200TR","13655","-65","-0.47","13652.25","13755","13755","13610","60133","820506235","327720000000","0","24000000","코스피 200 TR","477.02","-3.06","-0.64"
"363510","SOL KIS단기통안채","100595","0","0.00","100601.78","0","0","0","0","0","101500355000","0","1009000","KIS 단기통안채 Index(총수익)","11280.54","1.26","0.01"
"292500","SOL KRX300","18655","-145","-0.77","18655.12","18830","18830","18640","14002","261522460","16789500000","0","900000","KRX 300","1812.18","-8.91","-0.49"
"404650","SOL KRX기후변화솔루션","10055","-40","-0.40","10062.20","10095","10095","10030","1240","12441065","8044000000","0","800000","KRX 기후변화 솔루션지수","1936.50","-6.47","-0.33"
"400590","SOL 글로벌탄소배출권선물IHS(합성)","12190","190","1.58","12230.75","12200","12200","12135","40431","491449940","42665000000","0","3500000","IHS Markit Global Carbon Index(Total Return)","716.39","-0.76","-0.11"
"399110","SOL 미국S&P500ESG","11090","15","0.14","11080.95","11055","11090","11000","10980","121547625","24398000000","0","2200000","S&P500 ESG(PR)","415.59","-1.53","-0.37"
"208470","SOL 선진국MSCI World(합성 H)","19795","45","0.23","19739.78","19790","19795","19775","5","98925","11877000000","0","600000","MSCI World","3237.07","-6.88","-0.21"
"400580","SOL 유럽탄소배출권선물S&P(H)","12675","115","0.92","12778.49","12665","12750","12665","13159","167075030","15210000000","0","1200000","S&P GSCI Carbon Emission Allowances(EUA)(EUR)ER","276.67","-0.69","-0.25"
"220130","SOL 중국본토 중소형 CSI500(합성 H)","6400","75","1.19","6346.56","6325","6400","6250","1237","7816555","5760000000","0","900000","CSI 500 지수","7310.96","63.19","0.87"
"413220","SOL 차이나태양광CSI(합성)","9935","0","0.00","9933.37","9905","9950","9840","3411","33768205","11922000000","0","1200000","CSI Photovoltaic Industry Index(PR)","5120.15","9.63","0.19"
"102110","TIGER 200","39925","-225","-0.56","39981.17","40200","40295","39840","963700","38570487500","2419455000000","0","60600000","코스피 200","394.19","-2.53","-0.64"
"139260","TIGER 200 IT","37910","105","0.28","37917.89","37900","38160","37735","203829","7741545365","959123000000","0","25300000","코스피 200 정보기술","3830.99","7.46","0.20"
"139220","TIGER 200 건설","2990","-30","-0.99","2997.69","3025","3025","2980","159277","477010240","102198200000","0","34180000","코스피 200 건설","292.67","-1.98","-0.67"
"139290","TIGER 200 경기소비재","17545","-220","-1.24","17534.05","17670","17670","17500","890","15654230","6316200000","0","360000","코스피 200 경기소비재","1731.95","-25.50","-1.45"
"139270","TIGER 200 금융","7045","-70","-0.98","7049.66","7105","7105","7040","11159","78851090","26630100000","0","3780000","코스피 200 금융","678.40","-7.32","-1.07"
"227550","TIGER 200 산업재","6245","-35","-0.56","6242.10","6250","6280","6205","1289","8033510","4996000000","0","800000","코스피 200 산업재","613.98","-3.09","-0.50"
"227560","TIGER 200 생활소비재","9920","-140","-1.39","9936.90","10045","10045","9920","2269","22608555","3769600000","0","380000","코스피 200 생활소비재","998.82","-11.70","-1.16"
"139250","TIGER 200 에너지화학","18665","-240","-1.27","18676.92","18900","18900","18600","2898","54202105","16798500000","0","900000","코스피 200 에너지/화학","1864.88","-22.08","-1.17"
"139230","TIGER 200 중공업","3140","-25","-0.79","3139.75","3165","3165","3130","586048","1841389330","59974000000","0","19100000","코스피 200 중공업","294.59","-2.13","-0.72"
"139240","TIGER 200 철강소재","8780","-100","-1.13","8767.06","8870","8870","8760","3293","28972550","10711600000","0","1220000","코스피 200 철강/소재","862.81","-11.47","-1.31"
"227540","TIGER 200 헬스케어","22165","-115","-0.52","22188.89","22600","22600","22105","8763","194885650","31917600000","0","1440000","코스피 200 헬스케어","2235.66","-10.97","-0.49"
"243880","TIGER 200IT레버리지","63100","85","0.13","63493.49","63250","64195","62920","11599","735730255","44170000000","0","700000","코스피 200 정보기술","3830.02","6.49","0.17"
"310960","TIGER 200TR","21305","-155","-0.72","21359.32","21455","21455","21300","2362","50361760","61784500000","0","2900000","코스피 200 TR","477.02","-3.06","-0.64"
"252000","TIGER 200동일가중","12410","-35","-0.28","12412.07","12410","12410","12410","1","12410","8066500000","0","650000","코스피 200 동일가중지수","2394.48","-18.73","-0.78"
"267770","TIGER 200선물레버리지","18030","-195","-1.07","18028.09","18240","18385","17960","304430","5498378815","113589000000","0","6300000","코스피 200 선물지수","1995.56","-10.37","-0.52"
"252710","TIGER 200선물인버스2X","2245","25","1.13","2252.37","2220","2260","2205","2287387","5113944150","123475000000","0","55000000","코스피 200 선물지수","1995.56","-10.37","-0.52"
"243890","TIGER 200에너지화학레버리지","17690","-385","-2.13","17634.89","18075","18075","17540","3406","60466275","8845000000","0","500000","코스피 200 에너지/화학","1864.67","-22.29","-1.18"
"315270","TIGER 200커뮤니케이션서비스","30710","-330","-1.06","30769.87","30675","30835","30675","190","5848785","9827200000","0","320000","코스피 200 커뮤니케이션서비스","3044.26","-23.17","-0.76"
"166400","TIGER 200커버드콜5%OTM","14970","-65","-0.43","14976.86","14980","14980","14970","2","29950","7485000000","0","500000","코스피 200 커버드콜 5% OTM","395.07","-2.50","-0.63"
"289480","TIGER 200커버드콜ATM","11220","40","0.36","11168.57","11220","11220","11220","500","5610000","6732000000","0","600000","코스피 200 커버드콜 ATM 지수","1336.09","-6.49","-0.48"
"305540","TIGER 2차전지테마","23160","55","0.24","23199.34","23120","23230","22845","667419","15395477395","1300434000000","0","56150000","WISE 2차전지 테마 지수","8730.52","-1.15","-0.01"
"365040","TIGER AI코리아그로스액티브","13400","-110","-0.81","13423.00","13510","13510","13400","696","9373020","24120000000","0","1800000","코스피","2979.47","-13.82","-0.46"
"357870","TIGER CD금리투자KIS(합성)","50565","0","0.00","50563.26","50565","50565","50565","54","2730510","245948160000","0","4864000","KIS CD Index(총수익)","11038.60","2.01","0.02"
"400970","TIGER Fn메타버스","12775","-50","-0.39","12795.09","12825","12825","12655","1119431","14277465235","415187500000","0","32500000","FnGuide 메타버스테마 지수","2686.68","-8.03","-0.30"
"396500","TIGER Fn반도체TOP10","10495","210","2.04","10511.32","10395","10525","10360","280751","2930713915","48277000000","0","4600000","FnGuide 반도체TOP10 지수","2676.37","51.05","1.94"
"377990","TIGER Fn신재생에너지","9640","20","0.21","9640.00","9650","9650","9560","10178","97883920","22172000000","0","2300000","FnGuide 신재생에너지 지수","1809.36","4.71","0.26"
"341850","TIGER KIS부동산인프라채권TR","5780","-15","-0.26","5806.82","5815","5815","5765","7338","42378555","49419000000","0","8550000","KIS 부동산인프라채권 TR지수","40696.34","0.96","0.00"
"364960","TIGER KRX BBIG K-뉴딜","11485","-70","-0.61","11501.41","11575","11575","11445","479701","5513647970","350292500000","0","30500000","KRX BBIG K-뉴딜지수","3144.09","-12.65","-0.40"
"412560","TIGER KRX BBIG K-뉴딜레버리지","9375","-90","-0.95","9340.18","9510","9510","9230","216743","2028111430","10312500000","0","1100000","KRX BBIG K-뉴딜지수","3143.79","-12.95","-0.41"
"364980","TIGER KRX2차전지K-뉴딜","16615","-135","-0.81","16664.13","16775","16775","16455","874305","14555191740","531680000000","0","32000000","KRX 2차전지 K-뉴딜지수","5861.98","-40.87","-0.69"
"412570","TIGER KRX2차전지K-뉴딜레버리지","9885","-165","-1.64","9878.47","9980","10020","9670","347469","3416380505","10873500000","0","1100000","KRX 2차전지 K-뉴딜지수","5860.79","-42.06","-0.71"
"292160","TIGER KRX300","18595","-80","-0.43","18578.55","18665","18675","18525","21","390735","24173500000","0","1300000","KRX 300","1810.84","-10.25","-0.56"
"364990","TIGER KRX게임K-뉴딜","12570","80","0.64","12585.85","12445","12650","12395","170178","2120672140","28911000000","0","2300000","KRX 게임 K-뉴딜지수","1529.36","11.53","0.76"
"404540","TIGER KRX기후변화솔루션","10100","-20","-0.20","10107.19","10120","10135","10045","5951","59905520","38885000000","0","3850000","KRX 기후변화 솔루션지수","1936.50","-6.47","-0.33"
"364970","TIGER KRX바이오K-뉴딜","8610","5","0.06","8624.44","8775","8785","8600","321808","2788301100","94279500000","0","10950000","KRX 바이오 K-뉴딜지수","2591.44","-1.72","-0.07"
"365000","TIGER KRX인터넷K-뉴딜","11145","-25","-0.22","11155.43","11170","11180","11115","25568","284804945","58511250000","0","5250000","KRX 인터넷 K-뉴딜지수","2704.70","-5.90","-0.22"
"228820","TIGER KTOP30","10560","-70","-0.66","10555.09","10630","10635","10550","1868","19755210","8976000000","0","850000","KTOP 30","10505.33","-98.90","-0.93"
"300610","TIGER K게임","19430","255","1.33","19519.59","19210","19530","19015","65712","1273816565","20401500000","0","1050000","WISE K게임 테마 지수","1593.52","25.20","1.61"
"138530","TIGER LG그룹+펀더멘털","10650","-110","-1.02","10656.63","10765","10765","10630","7923","84441735","15123000000","0","1420000","MKF LG그룹+ FW","10522.85","-100.62","-0.95"
"289260","TIGER MSCI KOREA ESG리더스","11150","-55","-0.49","11158.07","11175","11180","11135","379","4232275","20070000000","0","1800000","MSCI Korea Country ESG Leaders Capped Index","1597.92","-7.16","-0.45"
"289250","TIGER MSCI KOREA ESG유니버설","12015","-40","-0.33","12012.07","12055","12055","12015","14","168570","14418000000","0","1200000","MSCI Korea ESG Universal Index","1679.66","-10.60","-0.63"
"310970","TIGER MSCI Korea TR","16105","-150","-0.92","16147.51","16250","16250","16105","5235","84499155","1808591500000","0","112300000","MSCI Korea TR Index","1615.99","-11.13","-0.68"
"269370","TIGER S&P글로벌인프라(합성)","11365","100","0.89","11361.74","11365","11365","11315","1062","12019880","6819000000","0","600000","S&P Global Infrastructure Index","2747.65","-3.96","-0.14"
"248270","TIGER S&P글로벌헬스케어(합성)","19430","115","0.60","19401.48","19370","19430","19285","7416","143427245","25259000000","0","1300000","S&P Global 1200 Health Care Index","5094.98","6.98","0.14"
"292150","TIGER TOP10","13515","-65","-0.48","13558.14","13630","13685","13515","227008","3083199265","1049439750000","0","77650000","FnGuide TOP10 지수","4748.86","-15.88","-0.33"
"217790","TIGER 가격조정","24845","-150","-0.60","24822.87","24910","24910","24725","492","12191230","4969000000","0","200000","FnGuide Contrarian Index","24654.42","-160.92","-0.65"
"139280","TIGER 경기방어","10745","-85","-0.78","10744.87","10760","10815","10705","6464","69616000","86389800000","0","8040000","코스피 200 경기방어소비재","1059.47","-9.17","-0.86"
"237440","TIGER 경기방어채권혼합","9565","-15","-0.16","9561.99","9590","9590","9560","4677","44770685","6695500000","0","700000","경기방어소비재 채권혼합 지수","1430.82","-4.35","-0.30"
"319640","TIGER 골드선물(H)","12965","-70","-0.54","12960.48","13025","13025","12960","15773","204922225","29819500000","0","2300000","S&P GSCI Gold Index(TR)","916.18","4.19","0.46"
"160580","TIGER 구리실물","10420","20","0.19","10636.60","10400","10445","9785","17035","176951770","24487000000","0","2350000","S&P GSCI Cash Copper Index","241.05","1.48","0.62"
"114820","TIGER 국채3년","109620","-60","-0.05","109629.69","109660","109660","109560","1348","147776080","59194800000","0","540000","KTB INDEX(시장가격)","10628.59","-6.95","-0.07"
"275980","TIGER 글로벌4차산업혁신기술(합성 H)","19640","-50","-0.25","19605.71","19620","19650","19535","17093","335125660","254141600000","0","12940000","MorningStar Exponential Technologies Index(PR)","3127.98","2.03","0.06"
"387270","TIGER 글로벌BBIG액티브","12270","-15","-0.12","12339.85","12325","12325","12185","19929","244305570","70552500000","0","5750000","NASDAQ 100","16429.10","-61.91","-0.38"
"394670","TIGER 글로벌리튬&2차전지SOLACTIVE(합성)","11425","5","0.04","11376.56","11420","11425","11300","351486","3992623180","751765000000","0","65800000","Solactive Global Lithium 지수(Net Total Return)","342.40","0.58","0.17"
"412770","TIGER 글로벌메타버스액티브","10300","-70","-0.68","10338.32","10280","10300","10230","4058137","41609367915","165830000000","0","16100000","Indxx Global Metaverse Index (Price Return)","3269.60","35.39","1.09"
"276000","TIGER 글로벌자원생산기업(합성 H)","14160","30","0.21","14126.47","14145","14160","14115","1624","22969310","15576000000","0","1100000","MorningStar Global Upstream Resources Index(PR)","3981.76","-9.31","-0.23"
"394660","TIGER 글로벌자율주행&전기차SOLACTIVE","11700","-65","-0.55","11705.24","11765","11770","11625","143758","1676950655","243360000000","0","20800000","Solactive Autonomous & Electric Vehicles 지수(Net Total Return)","2088.47","2.75","0.13"
"371450","TIGER 글로벌클라우드컴퓨팅INDXX","11350","-65","-0.57","11352.88","11400","11400","11250","21939","248266070","55388000000","0","4880000","Indxx Global Cloud Computing Index(Net Total Return)","6901.48","63.63","0.93"
"139310","TIGER 금속선물(H)","7240","15","0.21","7290.72","7270","7280","7240","7152","51856765","5792000000","0","800000","S&P GSCI Industrial Metals Select Index(TR)","245.54","0.66","0.27"
"139320","TIGER 금은선물(H)","9455","-55","-0.58","9488.74","9555","9555","9455","3000","28504390","7564000000","0","800000","S&P GSCI Precious Metals Index(TR)","2068.87","10.32","0.50"
"137610","TIGER 농산물선물Enhanced(H)","6830","0","0.00","6862.08","6845","6885","6825","51815","354601450","30052000000","0","4400000","S&P GSCI Agriculture Enhanced Index(ER)","88.48","-1.63","-1.81"
"182490","TIGER 단기선진하이일드(합성 H)","12615","0","0.00","12602.54","12615","12615","12585","1079","13606120","15138000000","0","1200000","Markit iBoxx USD Liquid High Yield 0-5 year 지수","84.26","-0.03","-0.04"
"272580","TIGER 단기채권액티브","50270","-5","-0.01","50268.31","50240","50275","50240","3443","173089405","196455160000","0","3908000","KIS MSB 3M PLUS 지수(총수익)","11941.52","1.54","0.01"
"157450","TIGER 단기통안채","100510","0","0.00","100510.24","100515","100515","100505","15299","1537701020","1364825290000","0","13579000","KIS 통안채 3개월(총수익)","11940.21","0.33","0.00"
"105010","TIGER 라틴35","3165","-25","-0.78","3151.75","3190","3190","3145","4123","13000005","5380500000","0","1700000","BNY Latin America 35 ADR","2153.77","41.48","1.96"
"123320","TIGER 레버리지","22775","-280","-1.21","22789.13","23085","23200","22690","91460","2095685560","38717500000","0","1700000","코스피 200","394.19","-2.53","-0.64"
"174350","TIGER 로우볼","12220","-100","-0.81","12210.46","12300","12300","12220","216","2648385","9287200000","0","760000","FnGuide Low Vol 지수","12070.23","-95.35","-0.78"
"147970","TIGER 모멘텀","24845","-145","-0.58","24836.63","24870","24870","24740","324","8032025","6956600000","0","280000","FnGuide 모멘텀 지수","24217.99","-157.93","-0.65"
"182480","TIGER 미국MSCI리츠(합성 H)","16610","30","0.18","16672.37","16640","16690","16585","48816","811784535","191845500000","0","11550000","MSCI US REIT Index","1575.43","3.40","0.22"
"360750","TIGER 미국S&P500","14350","20","0.14","14352.02","14315","14350","14270","615802","8808331995","1177417500000","0","82050000","S&P 500","4778.73","-14.33","-0.30"
"225040","TIGER 미국S&P500레버리지(합성 H)","38490","-50","-0.13","38549.35","38465","38540","38385","12212","469653635","103923000000","0","2700000","S&P 500","4778.73","-14.33","-0.30"
"143850","TIGER 미국S&P500선물(H)","56090","-40","-0.07","56102.57","56075","56130","56010","38513","2159869605","312701750000","0","5575000","S&P 500 Futures Index(ER)","441.31","-1.13","-0.26"
"225030","TIGER 미국S&P500선물인버스(H)","3460","-20","-0.57","3467.71","3480","3485","3460","18015","62390190","9688000000","0","2800000","S&P 500 Futures Total Return Index","693.82","-1.78","-0.26"
"133690","TIGER 미국나스닥100","87800","-185","-0.21","87829.99","87545","87840","87280","110934","9708177180","1883310000000","0","21450000","NASDAQ 100","16429.10","-61.91","-0.38"
"203780","TIGER 미국나스닥바이오","20710","60","0.29","20732.95","20650","20725","20600","8600","177520640","42662600000","0","2060000","NASDAQ Biotechnology 지수(시장가격지수)","4770.08","24.17","0.51"
"245340","TIGER 미국다우존스30","21710","40","0.18","21741.21","21695","21770","21625","14208","308071915","79024400000","0","3640000","Dow Jones Industrial Average","36398.08","-90.55","-0.25"
"329750","TIGER 미국달러단기채권액티브","10170","10","0.10","10160.45","10140","10175","10120","84398","856275975","204722100000","0","20130000","KIS U.S. TREASURY BOND 0-1Y 지수(총수익)","108.52","0.00","0.00"
"261110","TIGER 미국달러선물레버리지","10230","35","0.34","10261.57","10190","10230","10140","259","2634370","7161000000","0","700000","미국달러선물지수","1246.67","3.45","0.28"
"261120","TIGER 미국달러선물인버스2X","8720","-10","-0.11","8708.29","0","0","0","0","0","6976000000","0","800000","미국달러선물지수","1246.67","3.45","0.28"
"305080","TIGER 미국채10년선물","12150","-10","-0.08","12093.32","12160","12160","12000","45216","547371520","80190000000","0","6600000","S&P 10-Year U.S. Treasury Note Futures(ER)","228.37","0.33","0.14"
"381170","TIGER 미국테크TOP10 INDXX","13265","-20","-0.15","13243.67","13190","13265","13165","887160","11713953570","1259511750000","0","94950000","Indxx US Tech Top 10 Index","4697.84","-24.99","-0.53"
"381180","TIGER 미국필라델피아반도체나스닥","12825","0","0.00","12806.84","12790","12825","12730","841393","10759479565","1052932500000","0","82100000","PHLX Semiconductor Sector Index","3952.04","-47.31","-1.18"
"228810","TIGER 미디어컨텐츠","9815","60","0.62","9826.58","9780","9820","9640","399924","3915840235","128380200000","0","13080000","WISE 미디어컨텐츠 지수","4999.94","32.76","0.66"
"091230","TIGER 반도체","40730","520","1.29","40890.76","40290","40865","40290","169441","6885966690","144184200000","0","3540000","KRX 반도체","4074.88","69.95","1.75"
"098560","TIGER 방송통신","9630","-20","-0.21","9660.60","9725","9725","9625","853","8234290","5007600000","0","520000","KRX 방송통신","866.75","0.97","0.11"
"211560","TIGER 배당성장","19290","-160","-0.82","19303.00","19380","19380","19250","2851","55190480","20254500000","0","1050000","코스피 배당성장 50","3784.17","-26.36","-0.69"
"329200","TIGER 부동산인프라고배당","6055","20","0.33","6057.68","6045","6055","6025","179735","1086166965","122613750000","0","20250000","FnGuide 부동산인프라고배당 지수","2359.54","4.64","0.20"
"138520","TIGER 삼성그룹펀더멘털","11920","-30","-0.25","11940.90","12000","12025","11920","3279","39295125","21694400000","0","1820000","MKF SAMs FW","11664.72","-15.87","-0.14"
"157490","TIGER 소프트웨어","16935","-120","-0.70","16942.06","17040","17045","16895","26770","453307235","87723300000","0","5180000","FnGuide 소프트웨어 지수","8627.95","-67.69","-0.78"
"228800","TIGER 여행레저","4820","-50","-1.03","4829.70","4835","4845","4795","579790","2797056770","137370000000","0","28500000","WISE 여행레저 지수","2367.26","-20.29","-0.85"
"227570","TIGER 우량가치","11955","-15","-0.13","11952.47","11935","11960","11905","1594","19001070","13628700000","0","1140000","FnGuide 퀄리티밸류 지수","23569.26","-59.28","-0.25"
"261140","TIGER 우선주","13535","-120","-0.88","13544.30","13600","13600","13475","798","10770740","8121000000","0","600000","코스피 우선주 지수","3355.97","-35.39","-1.04"
"130680","TIGER 원유선물Enhanced(H)","3595","20","0.56","3610.18","3595","3620","3590","163303","588467300","58059250000","0","16150000","S&P GSCI Crude Oil Enhanced Index ER","422.20","2.35","0.56"
"217770","TIGER 원유선물인버스(H)","5000","-65","-1.28","5046.15","5035","5040","4990","24258","121479470","4500000000","0","900000","S&P GSCI Crude Oil Index ER","119.41","0.67","0.56"
"195930","TIGER 유로스탁스50(합성 H)","14575","-125","-0.85","14602.26","14805","14805","14535","4953","72312550","87450000000","0","6000000","EURO STOXX 50 Index","4306.07","21.24","0.50"
"225050","TIGER 유로스탁스레버리지(합성 H)","10760","-85","-0.78","10723.47","10785","10785","10640","2243","23949270","13988000000","0","1300000","EURO STOXX 50 Index","4306.07","21.24","0.50"
"245350","TIGER 유로스탁스배당30","13170","-20","-0.15","13181.24","13175","13175","13070","4065","53238490","15804000000","0","1200000","Euro STOXX Select Dividend 30","1949.02","-0.55","-0.03"
"091220","TIGER 은행","7885","-65","-0.82","7883.57","7935","7945","7880","10878","85947650","14193000000","0","1800000","KRX 은행","739.81","-7.70","-1.03"
"307510","TIGER 의료기기","19540","165","0.85","19544.53","19415","19550","19385","3210","62651065","9770000000","0","500000","FnGuide 의료기기 지수","1988.55","6.07","0.31"
"225060","TIGER 이머징마켓MSCI레버리지(합성 H)","12420","-40","-0.32","12364.07","12460","12460","12415","40","497860","8694000000","0","700000","MSCI EM Index","1222.75","4.82","0.40"
"236350","TIGER 인도니프티50레버리지(합성)","24745","70","0.28","24947.03","24675","24745","24500","4341","106878010","27219500000","0","1100000","Nifty 50 Index","17203.95","-9.65","-0.06"
"123310","TIGER 인버스","4440","25","0.57","4444.12","4410","4445","4400","99323","440078440","66156000000","0","14900000","코스피 200 선물지수","1995.56","-10.37","-0.52"
"195920","TIGER 일본TOPIX(합성 H)","16475","-40","-0.24","16407.36","16415","16475","16310","40","655030","9885000000","0","600000","TOPIX","1992.33","-6.66","-0.33"
"248260","TIGER 일본TOPIX헬스케어(합성)","10970","-25","-0.23","10974.19","10940","10980","10940","311","3402735","10970000000","0","1000000","TOPIX-17 Pharmaceutical Index","230.24","-1.38","-0.60"
"241180","TIGER 일본니케이225","17490","-40","-0.23","17521.63","17485","17500","17355","877","15266435","15041400000","0","860000","Nikkei 225","28791.71","-115.17","-0.40"
"292560","TIGER 일본엔선물","10170","-10","-0.10","10175.87","10120","10170","10100","1150","11664825","7119000000","0","700000","엔선물지수","603.34","-0.17","-0.03"
"150460","TIGER 중국소비테마","7875","-35","-0.44","7874.19","7930","7930","7830","4731","37208315","132300000000","0","16800000","FnGuide 중국내수테마 지수","3876.24","-27.48","-0.70"
"302190","TIGER 중장기국채","51300","-140","-0.27","51288.15","51410","51410","51300","395","20270965","59508000000","0","1160000","KIS 국채 3-10년 지수(시장가격지수)","11081.68","-38.04","-0.34"
"157500","TIGER 증권","4875","-30","-0.61","4873.96","4905","4905","4865","7132","34788745","6337500000","0","1300000","FnGuide 증권 지수","2331.36","-14.86","-0.63"
"307520","TIGER 지주회사","10920","-75","-0.68","10919.96","11100","11100","10885","869","9493980","6006000000","0","550000","FnGuide 지주회사 지수","1580.33","-8.76","-0.55"
"192090","TIGER 차이나CSI300","12100","90","0.75","12137.44","12005","12115","11915","57973","697979380","217195000000","0","17950000","CSI 300 Index","4921.51","38.03","0.78"
"204480","TIGER 차이나CSI300레버리지(합성)","32975","355","1.09","33225.96","32435","33040","32225","15463","507961370","110796000000","0","3360000","CSI 300 Index","4921.51","38.03","0.78"
"217780","TIGER 차이나CSI300인버스(합성)","7175","-70","-0.97","7173.41","7255","7280","7160","138346","998192975","22960000000","0","3200000","CSI 300 Index","4921.51","38.03","0.78"
"245360","TIGER 차이나HSCEI","10040","-25","-0.25","10108.76","10100","10110","10010","21814","219129720","57228000000","0","5700000","Hang Seng China H","8096.44","-2.32","-0.03"
"371470","TIGER 차이나바이오테크SOLACTIVE","9905","0","0.00","9944.51","9960","9960","9800","21853","215393090","76466600000","0","7720000","Solactive China Biotech Index(Net Total Return)","2343.63","25.48","1.10"
"396520","TIGER 차이나반도체FACTSET","9560","240","2.58","9579.20","9440","9585","9270","36848","348880740","31356800000","0","3280000","FactSet China Semiconductor 지수(Net Total Return)","235.27","6.17","2.69"
"371460","TIGER 차이나전기차SOLACTIVE","17730","-20","-0.11","17670.33","17715","17815","17525","2529035","44730768500","3182889600000","0","179520000","Solactive China Electric Vehicle Index(Net Total Return)","3921.98","-4.16","-0.11"
"396510","TIGER 차이나클린에너지SOLACTIVE","10325","90","0.88","10350.97","10235","10380","10130","23075","237415440","62776000000","0","6080000","Solactive China Clean Energy 지수(Net Total Return)","2901.00","37.18","1.30"
"117690","TIGER 차이나항셍25","14640","0","0.00","14640.91","14660","14660","14455","1661","24202605","6588000000","0","450000","Hang Seng China (Hong Kong-listed) 25 Index","7931.84","3.02","0.04"
"371160","TIGER 차이나항셍테크","7205","-20","-0.28","7238.46","7215","7290","7160","612286","4420570580","315939250000","0","43850000","Hang Seng TECH Index","5475.70","3.83","0.07"
"232080","TIGER 코스닥150","15360","-40","-0.26","15587.24","15400","15445","15180","101891","1563186320","155136000000","0","10100000","코스닥 150","1524.18","3.62","0.24"
"233160","TIGER 코스닥150 레버리지","17795","100","0.57","17930.04","17805","17885","17310","67033","1179935080","64951750000","0","3650000","코스닥 150","1524.21","3.65","0.24"
"261060","TIGER 코스닥150IT","18690","250","1.36","18689.45","18440","18725","18320","15694","290631980","8971200000","0","480000","코스닥 150 정보기술","928.12","11.79","1.29"
"261070","TIGER 코스닥150바이오테크","10910","-120","-1.09","11003.15","11070","11070","10860","8168","89200680","11564600000","0","1060000","코스닥 150 헬스케어","3680.83","-41.80","-1.12"
"250780","TIGER 코스닥150선물인버스","4125","-5","-0.12","4137.22","4130","4185","4115","310794","1286935815","23718750000","0","5750000","F-코스닥150 지수","1719.57","3.43","0.20"
"277630","TIGER 코스피","30705","-80","-0.26","30704.88","30975","30975","30685","7280","224094000","62945250000","0","2050000","코스피","2977.63","-15.66","-0.52"
"210780","TIGER 코스피고배당","15700","-75","-0.48","15717.62","15760","15780","15665","3861","60652225","22608000000","0","1440000","코스피 고배당 50","3031.12","-14.53","-0.48"
"277640","TIGER 코스피대형주","14700","-100","-0.68","14722.69","14800","14800","14695","1247","18396630","6615000000","0","450000","코스피 대형주","2907.22","-16.25","-0.56"
"277650","TIGER 코스피중형주","16990","15","0.09","16989.87","16905","17020","16905","471","7998685","7645500000","0","450000","코스피 중형주","3296.29","-8.00","-0.24"
"376410","TIGER 탄소효율그린뉴딜","9815","-30","-0.30","9800.91","9865","9865","9775","18552","182083175","63797500000","0","6500000","KRX/S&P 탄소효율 그린뉴딜지수","1647.13","-8.53","-0.52"
"387280","TIGER 퓨처모빌리티액티브","12150","-30","-0.25","12099.16","12180","12180","12065","15021","181957660","76059000000","0","6260000","FnGuide 퓨처모빌리티 지수","2507.42","-9.54","-0.38"
"143860","TIGER 헬스케어","36765","-210","-0.57","36903.58","37340","37350","36660","24925","918613065","158089500000","0","4300000","KRX 헬스케어","3720.97","-21.94","-0.59"
"138540","TIGER 현대차그룹+펀더멘털","24545","-365","-1.47","24544.55","24955","24955","24500","18979","467731865","91798300000","0","3740000","MKF 현대차그룹+ FW","24179.28","-327.10","-1.33"
"228790","TIGER 화장품","2795","-30","-1.06","2800.96","2825","2825","2790","232522","651957065","45279000000","0","16200000","WISE 화장품 지수","2811.88","-25.63","-0.90"
"385710","TIMEFOLIO BBIG액티브","11390","15","0.13","11415.62","11465","11465","11295","1085","12343075","31892000000","0","2800000","KRX BBIG K-뉴딜지수","3143.79","-12.95","-0.41"
"385720","TIMEFOLIO Kstock액티브","10605","-40","-0.38","10609.82","10690","10690","10565","6162","65186250","68932500000","0","6500000","코스피","2977.65","-15.64","-0.52"
"410870","TIMEFOLIO K컬처액티브","10030","25","0.25","10050.90","10005","10045","9850","6895","68946960","13039000000","0","1300000","FnGuide K-컬처 지수","1181.36","-3.00","-0.25"
"404120","TIMEFOLIO 탄소중립액티브","9770","5","0.05","9778.05","9765","9780","9715","1298","12663380","22471000000","0","2300000","KRX 기후변화 솔루션지수","1936.50","-6.47","-0.33"
"108590","TREX 200","40915","-140","-0.34","40880.10","41020","41085","40760","30","1227350","10228750000","0","250000","코스피 200","394.61","-2.11","-0.53"
"145850","TREX 펀더멘탈 200","40805","-265","-0.65","40769.75","40880","40880","40805","6","245205","10201250000","0","250000","FnGuide-RAFI 코리아200 지수","9823.95","-58.99","-0.60"
"385590","네비게이터 ESG액티브","9450","-25","-0.26","9437.95","9510","9510","9420","431","4069765","33075000000","0","3500000","MSCI Korea Country ESG Leaders Custom Capped Price return Index","1926.54","-12.76","-0.66"
"411050","네비게이터 글로벌메타버스테크액티브","10330","-45","-0.43","10319.57","10340","10340","10245","35715","367421215","23759000000","0","2300000","Bloomberg Global Digital Media & Tech Select Price Return Index","3132.66","0.24","0.01"
"385600","네비게이터 친환경자동차밸류체인액티브","11490","-5","-0.04","11502.64","11505","11505","11370","2990","34204930","35619000000","0","3100000","FnGuide 친환경 자동차 밸류체인 지수","1614.47","-12.96","-0.80"
"137930","마이다스 200커버드콜5%OTM","14775","-135","-0.91","14842.79","14940","14940","14775","12","178570","8865000000","0","600000","코스피 200 커버드콜 5% OTM","395.07","-2.50","-0.63"
"403790","마이다스 KoreaStock액티브","20770","-185","-0.88","20825.32","21020","21020","20770","53","1107955","10904250000","0","525000","코스피","2977.65","-15.64","-0.52"
"292340","마이티 200커버드콜ATM레버리지","10350","-130","-1.24","10347.73","10350","10350","10350","1","10350","6210000000","0","600000","코스피 200 커버드콜 ATM 지수","1336.09","-6.49","-0.48"
"159800","마이티 코스피100","30305","0","0.00","30405.57","0","0","0","0","0","8485400000","0","280000","코스피 100","2979.12","-17.31","-0.58"
"407830","에셋플러스 글로벌플랫폼액티브","9130","-65","-0.71","9179.49","9180","9180","9070","76122","691954380","29216000000","0","3200000","S&P 500","4778.73","-14.33","-0.30"
"407820","에셋플러스 코리아플랫폼액티브","10025","10","0.10","10025.74","10130","10130","9990","13189","132168710","20050000000","0","2000000","FnGuide 플랫폼 지수(Price Return)","1826.81","11.14","0.61"
"152870","파워 200","40910","-135","-0.33","40861.15","41220","41220","40740","71","2903050","26591500000","0","650000","코스피 200","394.19","-2.53","-0.64"
"192720","파워 고배당저변동성","30560","-270","-0.88","30654.50","30695","30910","30550","55","1687515","7334400000","0","240000","코스피 200 고배당지수","2984.11","-32.14","-1.07"
"176710","파워 중기국고채","99430","-25","-0.03","99421.82","99430","99430","99430","1","99430","5965800000","0","60000","KTB INDEX(시장가격)","10628.59","-6.95","-0.07"
"140950","파워 코스피100","30755","-205","-0.66","30677.37","30840","30960","30595","736","22639180","13532200000","0","440000","코스피 100","2979.12","-17.31","-0.58"
